id_venta,fecha,pais,ciudad,cliente,producto,categoria,talla,cantidad,precio_unitario
1,2024-02-01,Perú,Lima,Cliente_115,Camiseta,Básicos,L,3,12
2,2024-01-12,Ecuador,Cuenca,Cliente_217,Camiseta,Básicos,L,5,12
3,2024-03-05,Ecuador,Quito,Cliente_14,Camiseta,Básicos,S,2,12
4,2024-03-16,Perú,Lima,Cliente_143,Zapatos,Calzado,38,4,50
5,2024-01-20,Ecuador,Quito,Cliente_111,Zapatos,Calzado,39,3,50
6,2024-02-15,Colombia,Bogotá,Cliente_177,Camiseta,Básicos,M,1,12
7,2024-03-09,Perú,Arequipa,Cliente_64,Camiseta,Básicos,L,4,12
8,2024-01-25,Colombia,Bogotá,Cliente_36,Chaqueta,Abrigos,L,5,60
9,2024-01-30,Ecuador,Cuenca,Cliente_52,Jeans,Denim,M,1,35
10,2024-01-21,Colombia,Medellín,Cliente_190,Zapatos,Calzado,42,3,50
11,2024-03-22,Colombia,Bogotá,Cliente_88,Chaqueta,Abrigos,M,5,60
12,2024-02-04,Perú,Lima,Cliente_286,Jeans,Denim,M,4,35
13,2024-01-05,Ecuador,Cuenca,Cliente_162,Chaqueta,Abrigos,M,2,60
14,2024-02-10,Colombia,Medellín,Cliente_109,Camiseta,Básicos,S,5,12
15,2024-01-19,Perú,Arequipa,Cliente_136,Zapatos,Calzado,42,4,50
16,2024-02-21,Ecuador,Quito,Cliente_186,Chaqueta,Abrigos,L,5,60
17,2024-01-15,Ecuador,Quito,Cliente_79,Zapatos,Calzado,37,1,50
18,2024-02-19,Perú,Lima,Cliente_196,Zapatos,Calzado,41,1,50
19,2024-03-28,Perú,Arequipa,Cliente_275,Chaqueta,Abrigos,M,1,60
20,2024-02-25,Colombia,Cali,Cliente_81,Chaqueta,Abrigos,M,3,60
21,2024-01-14,Colombia,Bogotá,Cliente_153,Chaqueta,Abrigos,M,5,60
22,2024-03-10,Perú,Lima,Cliente_272,Jeans,Denim,M,2,35
23,2024-01-15,Ecuador,Cuenca,Cliente_186,Chaqueta,Abrigos,L,1,60
24,2024-01-11,Colombia,Bogotá,Cliente_44,Camiseta,Básicos,S,5,12
25,2024-01-17,Perú,Arequipa,Cliente_244,Camiseta,Básicos,L,2,12
26,2024-03-10,Perú,Lima,Cliente_103,Chaqueta,Abrigos,L,2,60
27,2024-02-26,Perú,Arequipa,Cliente_265,Zapatos,Calzado,42,3,50
28,2024-02-13,Colombia,Bogotá,Cliente_11,Jeans,Denim,S,1,35
29,2024-03-31,Perú,Lima,Cliente_31,Jeans,Denim,S,1,35
30,2024-03-06,Ecuador,Quito,Cliente_122,Camiseta,Básicos,M,1,12
31,2024-01-17,Colombia,Cali,Cliente_293,Zapatos,Calzado,38,5,50
32,2024-01-25,Perú,Arequipa,Cliente_49,Jeans,Denim,M,4,35
33,2024-02-22,Ecuador,Cuenca,Cliente_240,Zapatos,Calzado,39,4,50
34,2024-02-13,Perú,Lima,Cliente_56,Camiseta,Básicos,S,4,12
35,2024-01-18,Ecuador,Quito,Cliente_217,Jeans,Denim,L,4,35
36,2024-02-26,Ecuador,Guayaquil,Cliente_282,Zapatos,Calzado,38,1,50
37,2024-01-22,Ecuador,Quito,Cliente_209,Camiseta,Básicos,S,2,12
38,2024-01-22,Colombia,Medellín,Cliente_195,Jeans,Denim,M,1,35
39,2024-02-24,Ecuador,Guayaquil,Cliente_285,Chaqueta,Abrigos,L,3,60
40,2024-01-28,Perú,Arequipa,Cliente_30,Jeans,Denim,S,3,35
41,2024-03-15,Perú,Lima,Cliente_245,Chaqueta,Abrigos,M,1,60
42,2024-01-24,Perú,Lima,Cliente_36,Camiseta,Básicos,L,1,12
43,2024-03-13,Perú,Lima,Cliente_127,Jeans,Denim,M,1,35
44,2024-03-13,Perú,Lima,Cliente_268,Camiseta,Básicos,M,5,12
45,2024-01-31,Colombia,Medellín,Cliente_136,Jeans,Denim,L,3,35
46,2024-01-10,Colombia,Bogotá,Cliente_5,Chaqueta,Abrigos,L,3,60
47,2024-01-28,Colombia,Cali,Cliente_260,Camiseta,Básicos,S,5,12
48,2024-02-17,Colombia,Bogotá,Cliente_146,Chaqueta,Abrigos,M,2,60
49,2024-02-08,Ecuador,Guayaquil,Cliente_54,Chaqueta,Abrigos,M,5,60
50,2024-01-20,Ecuador,Guayaquil,Cliente_140,Camiseta,Básicos,S,5,12
51,2024-01-27,Colombia,Cali,Cliente_136,Jeans,Denim,L,3,35
52,2024-03-22,Perú,Arequipa,Cliente_217,Chaqueta,Abrigos,M,1,60
53,2024-03-22,Colombia,Bogotá,Cliente_135,Camiseta,Básicos,M,2,12
54,2024-03-12,Ecuador,Cuenca,Cliente_5,Zapatos,Calzado,41,4,50
55,2024-02-17,Ecuador,Quito,Cliente_299,Jeans,Denim,L,1,35
56,2024-02-09,Perú,Lima,Cliente_187,Zapatos,Calzado,38,1,50
57,2024-03-26,Ecuador,Guayaquil,Cliente_53,Jeans,Denim,L,2,35
58,2024-01-31,Colombia,Cali,Cliente_84,Zapatos,Calzado,41,2,50
59,2024-02-22,Ecuador,Guayaquil,Cliente_128,Camiseta,Básicos,S,3,12
60,2024-03-01,Colombia,Bogotá,Cliente_114,Camiseta,Básicos,M,1,12
61,2024-01-29,Ecuador,Guayaquil,Cliente_13,Chaqueta,Abrigos,L,2,60
62,2024-01-09,Perú,Lima,Cliente_143,Zapatos,Calzado,39,3,50
63,2024-02-12,Colombia,Cali,Cliente_15,Zapatos,Calzado,42,5,50
64,2024-01-05,Ecuador,Guayaquil,Cliente_56,Jeans,Denim,L,3,35
65,2024-03-18,Perú,Arequipa,Cliente_262,Chaqueta,Abrigos,L,4,60
66,2024-03-31,Ecuador,Guayaquil,Cliente_224,Jeans,Denim,M,1,35
67,2024-01-09,Ecuador,Cuenca,Cliente_170,Jeans,Denim,M,4,35
68,2024-03-05,Perú,Arequipa,Cliente_159,Camiseta,Básicos,L,3,12
69,2024-03-11,Perú,Arequipa,Cliente_66,Chaqueta,Abrigos,L,3,60
70,2024-03-19,Ecuador,Guayaquil,Cliente_292,Zapatos,Calzado,42,2,50
71,2024-01-27,Colombia,Medellín,Cliente_221,Camiseta,Básicos,M,3,12
72,2024-03-27,Perú,Arequipa,Cliente_110,Zapatos,Calzado,40,4,50
73,2024-02-06,Perú,Arequipa,Cliente_264,Jeans,Denim,L,1,35
74,2024-01-29,Perú,Arequipa,Cliente_102,Camiseta,Básicos,S,3,12
75,2024-03-19,Ecuador,Quito,Cliente_38,Camiseta,Básicos,S,4,12
76,2024-03-04,Colombia,Medellín,Cliente_205,Jeans,Denim,L,4,35
77,2024-01-29,Ecuador,Quito,Cliente_91,Camiseta,Básicos,S,4,12
78,2024-01-16,Perú,Arequipa,Cliente_234,Camiseta,Básicos,L,2,12
79,2024-03-05,Ecuador,Guayaquil,Cliente_219,Chaqueta,Abrigos,L,5,60
80,2024-02-27,Perú,Arequipa,Cliente_133,Jeans,Denim,L,4,35
81,2024-02-05,Ecuador,Cuenca,Cliente_226,Chaqueta,Abrigos,L,2,60
82,2024-02-12,Ecuador,Cuenca,Cliente_164,Chaqueta,Abrigos,M,3,60
83,2024-02-19,Perú,Lima,Cliente_79,Jeans,Denim,S,2,35
84,2024-02-12,Perú,Lima,Cliente_278,Camiseta,Básicos,M,4,12
85,2024-02-19,Colombia,Medellín,Cliente_300,Camiseta,Básicos,S,4,12
86,2024-02-15,Perú,Lima,Cliente_153,Zapatos,Calzado,40,1,50
87,2024-02-04,Colombia,Medellín,Cliente_224,Jeans,Denim,M,2,35
88,2024-01-22,Colombia,Bogotá,Cliente_240,Zapatos,Calzado,39,4,50
89,2024-03-13,Ecuador,Cuenca,Cliente_14,Camiseta,Básicos,M,5,12
90,2024-01-24,Ecuador,Cuenca,Cliente_26,Zapatos,Calzado,38,4,50
91,2024-02-11,Colombia,Medellín,Cliente_173,Chaqueta,Abrigos,M,4,60
92,2024-03-01,Colombia,Medellín,Cliente_10,Zapatos,Calzado,39,1,50
93,2024-03-24,Perú,Lima,Cliente_21,Chaqueta,Abrigos,M,1,60
94,2024-01-20,Ecuador,Quito,Cliente_123,Jeans,Denim,S,5,35
95,2024-02-29,Ecuador,Guayaquil,Cliente_132,Camiseta,Básicos,L,2,12
96,2024-01-14,Colombia,Bogotá,Cliente_297,Camiseta,Básicos,S,3,12
97,2024-01-10,Ecuador,Guayaquil,Cliente_125,Zapatos,Calzado,40,2,50
98,2024-01-06,Ecuador,Cuenca,Cliente_178,Chaqueta,Abrigos,M,5,60
99,2024-03-23,Perú,Arequipa,Cliente_175,Chaqueta,Abrigos,M,5,60
100,2024-02-16,Ecuador,Guayaquil,Cliente_236,Zapatos,Calzado,37,4,50
101,2024-03-24,Perú,Lima,Cliente_139,Zapatos,Calzado,38,5,50
102,2024-02-04,Perú,Arequipa,Cliente_166,Zapatos,Calzado,40,5,50
103,2024-02-29,Ecuador,Quito,Cliente_292,Chaqueta,Abrigos,L,2,60
104,2024-02-11,Perú,Arequipa,Cliente_94,Chaqueta,Abrigos,M,4,60
105,2024-02-05,Colombia,Bogotá,Cliente_142,Chaqueta,Abrigos,L,3,60
106,2024-02-22,Perú,Lima,Cliente_251,Jeans,Denim,S,2,35
107,2024-02-27,Perú,Lima,Cliente_9,Zapatos,Calzado,42,4,50
108,2024-02-09,Ecuador,Guayaquil,Cliente_298,Jeans,Denim,M,2,35
109,2024-02-12,Colombia,Medellín,Cliente_181,Chaqueta,Abrigos,L,5,60
110,2024-01-30,Perú,Arequipa,Cliente_62,Chaqueta,Abrigos,L,3,60
111,2024-03-29,Perú,Lima,Cliente_95,Chaqueta,Abrigos,M,5,60
112,2024-03-08,Ecuador,Quito,Cliente_145,Zapatos,Calzado,39,5,50
113,2024-01-23,Ecuador,Quito,Cliente_155,Chaqueta,Abrigos,M,3,60
114,2024-01-07,Ecuador,Cuenca,Cliente_284,Jeans,Denim,M,1,35
115,2024-01-14,Colombia,Cali,Cliente_7,Jeans,Denim,L,4,35
116,2024-02-13,Perú,Arequipa,Cliente_95,Zapatos,Calzado,40,4,50
117,2024-02-21,Ecuador,Guayaquil,Cliente_252,Zapatos,Calzado,37,1,50
118,2024-03-13,Ecuador,Cuenca,Cliente_156,Camiseta,Básicos,S,2,12
119,2024-03-18,Ecuador,Quito,Cliente_116,Camiseta,Básicos,L,4,12
120,2024-03-16,Perú,Arequipa,Cliente_220,Zapatos,Calzado,40,3,50
121,2024-01-27,Colombia,Cali,Cliente_109,Camiseta,Básicos,L,1,12
122,2024-01-23,Colombia,Cali,Cliente_283,Camiseta,Básicos,S,2,12
123,2024-03-29,Ecuador,Quito,Cliente_241,Camiseta,Básicos,M,4,12
124,2024-03-30,Colombia,Bogotá,Cliente_233,Jeans,Denim,M,3,35
125,2024-03-25,Ecuador,Cuenca,Cliente_102,Jeans,Denim,M,5,35
126,2024-02-04,Colombia,Bogotá,Cliente_73,Jeans,Denim,L,2,35
127,2024-03-13,Ecuador,Quito,Cliente_148,Jeans,Denim,M,5,35
128,2024-03-30,Colombia,Bogotá,Cliente_207,Zapatos,Calzado,42,3,50
129,2024-03-17,Colombia,Cali,Cliente_21,Zapatos,Calzado,40,1,50
130,2024-01-12,Colombia,Cali,Cliente_118,Chaqueta,Abrigos,L,1,60
131,2024-03-01,Perú,Lima,Cliente_266,Chaqueta,Abrigos,M,2,60
132,2024-02-25,Perú,Arequipa,Cliente_252,Chaqueta,Abrigos,M,5,60
133,2024-02-11,Ecuador,Guayaquil,Cliente_54,Chaqueta,Abrigos,L,3,60
134,2024-02-06,Ecuador,Guayaquil,Cliente_206,Zapatos,Calzado,42,4,50
135,2024-02-02,Perú,Lima,Cliente_166,Zapatos,Calzado,37,3,50
136,2024-02-29,Ecuador,Guayaquil,Cliente_212,Camiseta,Básicos,L,5,12
137,2024-01-07,Ecuador,Quito,Cliente_105,Chaqueta,Abrigos,L,4,60
138,2024-03-30,Colombia,Cali,Cliente_249,Jeans,Denim,M,4,35
139,2024-02-09,Ecuador,Quito,Cliente_283,Jeans,Denim,L,2,35
140,2024-01-15,Ecuador,Cuenca,Cliente_237,Zapatos,Calzado,37,2,50
141,2024-03-06,Ecuador,Cuenca,Cliente_140,Jeans,Denim,M,3,35
142,2024-03-11,Colombia,Medellín,Cliente_75,Zapatos,Calzado,38,4,50
143,2024-02-23,Colombia,Bogotá,Cliente_175,Jeans,Denim,S,3,35
144,2024-03-16,Perú,Arequipa,Cliente_297,Camiseta,Básicos,M,3,12
145,2024-03-02,Perú,Arequipa,Cliente_177,Jeans,Denim,M,5,35
146,2024-01-25,Colombia,Cali,Cliente_123,Zapatos,Calzado,40,3,50
147,2024-02-10,Perú,Arequipa,Cliente_243,Jeans,Denim,M,1,35
148,2024-03-04,Perú,Arequipa,Cliente_19,Zapatos,Calzado,42,2,50
149,2024-01-13,Ecuador,Cuenca,Cliente_270,Chaqueta,Abrigos,M,4,60
150,2024-01-10,Colombia,Bogotá,Cliente_241,Jeans,Denim,M,2,35
151,2024-02-12,Colombia,Medellín,Cliente_274,Zapatos,Calzado,42,1,50
152,2024-03-20,Colombia,Medellín,Cliente_36,Zapatos,Calzado,41,1,50
153,2024-02-25,Ecuador,Cuenca,Cliente_51,Chaqueta,Abrigos,M,1,60
154,2024-01-04,Perú,Lima,Cliente_24,Zapatos,Calzado,38,3,50
155,2024-02-25,Colombia,Bogotá,Cliente_75,Chaqueta,Abrigos,L,3,60
156,2024-01-22,Ecuador,Cuenca,Cliente_90,Zapatos,Calzado,41,2,50
157,2024-03-04,Ecuador,Cuenca,Cliente_299,Zapatos,Calzado,41,2,50
158,2024-02-28,Ecuador,Quito,Cliente_131,Zapatos,Calzado,42,3,50
159,2024-01-21,Perú,Lima,Cliente_38,Zapatos,Calzado,39,5,50
160,2024-02-28,Colombia,Medellín,Cliente_155,Chaqueta,Abrigos,L,3,60
161,2024-02-18,Ecuador,Guayaquil,Cliente_293,Zapatos,Calzado,37,2,50
162,2024-03-25,Colombia,Cali,Cliente_203,Chaqueta,Abrigos,L,1,60
163,2024-02-06,Colombia,Bogotá,Cliente_118,Camiseta,Básicos,L,4,12
164,2024-03-20,Perú,Arequipa,Cliente_129,Jeans,Denim,L,2,35
165,2024-02-09,Perú,Lima,Cliente_226,Camiseta,Básicos,L,1,12
166,2024-02-07,Ecuador,Cuenca,Cliente_168,Chaqueta,Abrigos,M,1,60
167,2024-03-10,Perú,Arequipa,Cliente_188,Jeans,Denim,S,2,35
168,2024-02-07,Perú,Arequipa,Cliente_174,Jeans,Denim,M,4,35
169,2024-03-27,Ecuador,Guayaquil,Cliente_204,Camiseta,Básicos,S,2,12
170,2024-02-03,Perú,Arequipa,Cliente_275,Camiseta,Básicos,M,1,12
171,2024-02-18,Ecuador,Guayaquil,Cliente_191,Chaqueta,Abrigos,L,5,60
172,2024-03-20,Ecuador,Cuenca,Cliente_288,Jeans,Denim,M,1,35
173,2024-03-22,Colombia,Cali,Cliente_238,Jeans,Denim,L,1,35
174,2024-01-06,Perú,Arequipa,Cliente_20,Zapatos,Calzado,37,2,50
175,2024-03-09,Colombia,Medellín,Cliente_70,Camiseta,Básicos,S,2,12
176,2024-01-20,Colombia,Medellín,Cliente_213,Chaqueta,Abrigos,L,5,60
177,2024-02-05,Perú,Lima,Cliente_17,Zapatos,Calzado,41,4,50
178,2024-01-31,Perú,Arequipa,Cliente_186,Jeans,Denim,M,4,35
179,2024-02-20,Ecuador,Cuenca,Cliente_142,Chaqueta,Abrigos,L,1,60
180,2024-03-23,Ecuador,Quito,Cliente_11,Zapatos,Calzado,37,2,50
181,2024-01-27,Ecuador,Guayaquil,Cliente_36,Jeans,Denim,S,5,35
182,2024-01-19,Perú,Lima,Cliente_2,Jeans,Denim,S,3,35
183,2024-01-23,Colombia,Bogotá,Cliente_57,Jeans,Denim,L,3,35
184,2024-01-31,Perú,Lima,Cliente_166,Jeans,Denim,S,3,35
185,2024-02-23,Ecuador,Quito,Cliente_270,Chaqueta,Abrigos,M,2,60
186,2024-02-16,Ecuador,Cuenca,Cliente_263,Camiseta,Básicos,M,4,12
187,2024-03-19,Perú,Lima,Cliente_23,Zapatos,Calzado,41,2,50
188,2024-01-08,Perú,Arequipa,Cliente_246,Zapatos,Calzado,42,1,50
189,2024-01-10,Colombia,Medellín,Cliente_42,Camiseta,Básicos,M,4,12
190,2024-02-05,Colombia,Cali,Cliente_300,Jeans,Denim,S,2,35
191,2024-02-07,Perú,Arequipa,Cliente_233,Zapatos,Calzado,41,5,50
192,2024-03-24,Perú,Arequipa,Cliente_283,Camiseta,Básicos,L,1,12
193,2024-02-22,Perú,Lima,Cliente_174,Zapatos,Calzado,40,2,50
194,2024-02-10,Colombia,Medellín,Cliente_219,Zapatos,Calzado,42,1,50
195,2024-03-28,Colombia,Cali,Cliente_243,Chaqueta,Abrigos,L,2,60
196,2024-01-13,Ecuador,Quito,Cliente_191,Camiseta,Básicos,S,4,12
197,2024-03-12,Ecuador,Cuenca,Cliente_169,Camiseta,Básicos,L,5,12
198,2024-01-07,Perú,Lima,Cliente_148,Zapatos,Calzado,39,4,50
199,2024-03-05,Perú,Arequipa,Cliente_109,Chaqueta,Abrigos,M,5,60
200,2024-02-14,Ecuador,Cuenca,Cliente_285,Zapatos,Calzado,38,1,50
201,2024-03-12,Colombia,Bogotá,Cliente_286,Chaqueta,Abrigos,M,4,60
202,2024-02-04,Ecuador,Cuenca,Cliente_159,Chaqueta,Abrigos,M,2,60
203,2024-03-13,Colombia,Medellín,Cliente_206,Camiseta,Básicos,S,2,12
204,2024-01-28,Ecuador,Quito,Cliente_193,Camiseta,Básicos,S,5,12
205,2024-02-09,Colombia,Medellín,Cliente_167,Chaqueta,Abrigos,M,3,60
206,2024-03-20,Perú,Lima,Cliente_26,Camiseta,Básicos,S,2,12
207,2024-03-03,Perú,Lima,Cliente_227,Chaqueta,Abrigos,L,4,60
208,2024-02-14,Colombia,Medellín,Cliente_221,Jeans,Denim,L,1,35
209,2024-01-06,Ecuador,Guayaquil,Cliente_113,Zapatos,Calzado,41,3,50
210,2024-02-08,Colombia,Cali,Cliente_109,Camiseta,Básicos,S,2,12
211,2024-01-01,Ecuador,Guayaquil,Cliente_255,Chaqueta,Abrigos,L,1,60
212,2024-03-09,Perú,Arequipa,Cliente_118,Jeans,Denim,S,4,35
213,2024-02-25,Perú,Arequipa,Cliente_10,Camiseta,Básicos,M,1,12
214,2024-02-21,Colombia,Bogotá,Cliente_214,Chaqueta,Abrigos,L,5,60
215,2024-01-22,Colombia,Bogotá,Cliente_236,Zapatos,Calzado,37,3,50
216,2024-02-01,Perú,Arequipa,Cliente_224,Camiseta,Básicos,M,1,12
217,2024-02-13,Perú,Arequipa,Cliente_114,Camiseta,Básicos,M,3,12
218,2024-03-08,Colombia,Bogotá,Cliente_262,Camiseta,Básicos,L,1,12
219,2024-01-14,Ecuador,Guayaquil,Cliente_75,Chaqueta,Abrigos,M,2,60
220,2024-03-24,Colombia,Bogotá,Cliente_39,Jeans,Denim,L,2,35
221,2024-03-15,Ecuador,Cuenca,Cliente_230,Zapatos,Calzado,40,5,50
222,2024-01-09,Perú,Arequipa,Cliente_241,Chaqueta,Abrigos,M,4,60
223,2024-01-08,Colombia,Cali,Cliente_181,Chaqueta,Abrigos,L,5,60
224,2024-01-05,Perú,Lima,Cliente_30,Chaqueta,Abrigos,L,4,60
225,2024-03-19,Colombia,Medellín,Cliente_260,Camiseta,Básicos,L,1,12
226,2024-03-24,Colombia,Medellín,Cliente_97,Camiseta,Básicos,M,5,12
227,2024-01-08,Colombia,Cali,Cliente_231,Zapatos,Calzado,41,2,50
228,2024-01-06,Ecuador,Guayaquil,Cliente_127,Camiseta,Básicos,L,2,12
229,2024-03-19,Perú,Arequipa,Cliente_82,Zapatos,Calzado,41,5,50
230,2024-02-13,Colombia,Medellín,Cliente_27,Chaqueta,Abrigos,L,4,60
231,2024-03-12,Perú,Arequipa,Cliente_198,Camiseta,Básicos,M,1,12
232,2024-03-15,Colombia,Medellín,Cliente_73,Jeans,Denim,M,1,35
233,2024-03-31,Colombia,Medellín,Cliente_44,Zapatos,Calzado,38,5,50
234,2024-01-17,Colombia,Cali,Cliente_270,Zapatos,Calzado,42,3,50
235,2024-01-03,Ecuador,Cuenca,Cliente_186,Zapatos,Calzado,41,3,50
236,2024-01-25,Colombia,Bogotá,Cliente_116,Jeans,Denim,M,4,35
237,2024-03-05,Ecuador,Quito,Cliente_277,Camiseta,Básicos,M,1,12
238,2024-02-18,Perú,Lima,Cliente_79,Chaqueta,Abrigos,M,5,60
239,2024-01-06,Ecuador,Quito,Cliente_211,Jeans,Denim,L,4,35
240,2024-02-06,Colombia,Cali,Cliente_230,Jeans,Denim,M,5,35
241,2024-01-25,Ecuador,Cuenca,Cliente_189,Jeans,Denim,M,4,35
242,2024-03-05,Perú,Arequipa,Cliente_271,Zapatos,Calzado,39,4,50
243,2024-02-02,Colombia,Bogotá,Cliente_27,Jeans,Denim,L,2,35
244,2024-01-16,Perú,Arequipa,Cliente_146,Chaqueta,Abrigos,M,5,60
245,2024-01-19,Ecuador,Quito,Cliente_224,Chaqueta,Abrigos,L,5,60
246,2024-02-23,Ecuador,Quito,Cliente_28,Zapatos,Calzado,39,1,50
247,2024-01-11,Colombia,Cali,Cliente_192,Chaqueta,Abrigos,M,4,60
248,2024-01-19,Ecuador,Quito,Cliente_71,Chaqueta,Abrigos,M,3,60
249,2024-03-31,Ecuador,Guayaquil,Cliente_241,Zapatos,Calzado,42,2,50
250,2024-02-02,Colombia,Cali,Cliente_111,Camiseta,Básicos,S,1,12
251,2024-01-31,Ecuador,Cuenca,Cliente_155,Zapatos,Calzado,37,3,50
252,2024-02-28,Ecuador,Quito,Cliente_33,Jeans,Denim,M,5,35
253,2024-03-14,Ecuador,Guayaquil,Cliente_124,Camiseta,Básicos,L,5,12
254,2024-03-19,Perú,Lima,Cliente_181,Chaqueta,Abrigos,L,1,60
255,2024-03-08,Ecuador,Cuenca,Cliente_185,Zapatos,Calzado,38,1,50
256,2024-01-06,Ecuador,Cuenca,Cliente_199,Camiseta,Básicos,M,4,12
257,2024-02-14,Colombia,Medellín,Cliente_124,Camiseta,Básicos,M,1,12
258,2024-02-15,Perú,Lima,Cliente_280,Chaqueta,Abrigos,M,1,60
259,2024-03-30,Colombia,Cali,Cliente_246,Jeans,Denim,L,4,35
260,2024-01-05,Perú,Lima,Cliente_151,Jeans,Denim,S,4,35
261,2024-02-09,Ecuador,Quito,Cliente_264,Jeans,Denim,S,3,35
262,2024-03-23,Colombia,Cali,Cliente_98,Zapatos,Calzado,39,1,50
263,2024-02-04,Colombia,Medellín,Cliente_64,Camiseta,Básicos,L,3,12
264,2024-02-19,Colombia,Medellín,Cliente_174,Zapatos,Calzado,42,4,50
265,2024-02-04,Ecuador,Guayaquil,Cliente_43,Zapatos,Calzado,39,5,50
266,2024-01-24,Perú,Arequipa,Cliente_280,Camiseta,Básicos,M,5,12
267,2024-03-25,Colombia,Medellín,Cliente_152,Camiseta,Básicos,S,3,12
268,2024-02-14,Colombia,Medellín,Cliente_229,Zapatos,Calzado,38,4,50
269,2024-03-22,Ecuador,Cuenca,Cliente_30,Chaqueta,Abrigos,L,3,60
270,2024-03-27,Ecuador,Cuenca,Cliente_82,Zapatos,Calzado,39,5,50
271,2024-01-09,Ecuador,Quito,Cliente_121,Zapatos,Calzado,37,2,50
272,2024-01-05,Perú,Arequipa,Cliente_79,Chaqueta,Abrigos,L,5,60
273,2024-01-10,Perú,Arequipa,Cliente_294,Chaqueta,Abrigos,L,4,60
274,2024-03-24,Ecuador,Cuenca,Cliente_143,Chaqueta,Abrigos,L,3,60
275,2024-03-04,Ecuador,Quito,Cliente_266,Camiseta,Básicos,L,2,12
276,2024-03-31,Colombia,Cali,Cliente_229,Camiseta,Básicos,M,3,12
277,2024-01-16,Ecuador,Cuenca,Cliente_70,Chaqueta,Abrigos,L,2,60
278,2024-01-12,Ecuador,Guayaquil,Cliente_164,Jeans,Denim,L,4,35
279,2024-02-07,Perú,Arequipa,Cliente_154,Camiseta,Básicos,L,5,12
280,2024-01-29,Ecuador,Cuenca,Cliente_63,Jeans,Denim,M,5,35
281,2024-02-16,Ecuador,Quito,Cliente_284,Jeans,Denim,M,1,35
282,2024-03-19,Perú,Arequipa,Cliente_45,Zapatos,Calzado,41,2,50
283,2024-03-08,Ecuador,Guayaquil,Cliente_211,Zapatos,Calzado,42,4,50
284,2024-03-23,Colombia,Cali,Cliente_38,Camiseta,Básicos,S,3,12
285,2024-03-22,Colombia,Medellín,Cliente_94,Chaqueta,Abrigos,M,5,60
286,2024-01-20,Ecuador,Guayaquil,Cliente_156,Camiseta,Básicos,S,5,12
287,2024-03-07,Ecuador,Quito,Cliente_146,Chaqueta,Abrigos,M,3,60
288,2024-02-05,Ecuador,Guayaquil,Cliente_65,Jeans,Denim,L,5,35
289,2024-03-16,Perú,Arequipa,Cliente_298,Camiseta,Básicos,L,2,12
290,2024-01-11,Ecuador,Quito,Cliente_24,Chaqueta,Abrigos,M,1,60
291,2024-03-20,Perú,Arequipa,Cliente_16,Jeans,Denim,L,4,35
292,2024-02-01,Colombia,Cali,Cliente_208,Chaqueta,Abrigos,L,4,60
293,2024-01-21,Colombia,Medellín,Cliente_226,Camiseta,Básicos,L,1,12
294,2024-03-18,Colombia,Medellín,Cliente_74,Zapatos,Calzado,38,3,50
295,2024-01-17,Colombia,Cali,Cliente_190,Chaqueta,Abrigos,L,4,60
296,2024-01-16,Perú,Lima,Cliente_137,Chaqueta,Abrigos,M,4,60
297,2024-02-07,Colombia,Bogotá,Cliente_197,Jeans,Denim,S,1,35
298,2024-03-14,Perú,Arequipa,Cliente_161,Jeans,Denim,S,3,35
299,2024-03-04,Ecuador,Quito,Cliente_158,Zapatos,Calzado,41,4,50
300,2024-02-28,Colombia,Bogotá,Cliente_124,Camiseta,Básicos,M,5,12
301,2024-02-06,Ecuador,Cuenca,Cliente_254,Chaqueta,Abrigos,M,1,60
302,2024-02-25,Perú,Arequipa,Cliente_69,Chaqueta,Abrigos,M,1,60
303,2024-01-06,Colombia,Cali,Cliente_206,Chaqueta,Abrigos,L,3,60
304,2024-02-06,Ecuador,Cuenca,Cliente_38,Jeans,Denim,M,5,35
305,2024-03-20,Colombia,Cali,Cliente_61,Zapatos,Calzado,41,3,50
306,2024-03-12,Ecuador,Quito,Cliente_188,Zapatos,Calzado,39,3,50
307,2024-01-06,Ecuador,Quito,Cliente_20,Zapatos,Calzado,41,1,50
308,2024-02-28,Ecuador,Cuenca,Cliente_77,Chaqueta,Abrigos,L,5,60
309,2024-02-20,Perú,Lima,Cliente_154,Chaqueta,Abrigos,L,2,60
310,2024-02-08,Perú,Arequipa,Cliente_244,Zapatos,Calzado,42,5,50
311,2024-03-15,Ecuador,Guayaquil,Cliente_158,Chaqueta,Abrigos,M,4,60
312,2024-03-14,Perú,Lima,Cliente_117,Zapatos,Calzado,39,5,50
313,2024-03-21,Perú,Lima,Cliente_195,Zapatos,Calzado,38,5,50
314,2024-03-30,Ecuador,Cuenca,Cliente_57,Jeans,Denim,S,5,35
315,2024-01-20,Ecuador,Quito,Cliente_212,Zapatos,Calzado,39,4,50
316,2024-03-01,Perú,Lima,Cliente_32,Zapatos,Calzado,41,5,50
317,2024-03-25,Perú,Lima,Cliente_245,Jeans,Denim,L,3,35
318,2024-03-09,Perú,Arequipa,Cliente_176,Chaqueta,Abrigos,M,4,60
319,2024-02-01,Perú,Arequipa,Cliente_143,Chaqueta,Abrigos,L,2,60
320,2024-03-31,Perú,Arequipa,Cliente_107,Jeans,Denim,M,3,35
321,2024-03-12,Perú,Arequipa,Cliente_141,Chaqueta,Abrigos,L,3,60
322,2024-01-19,Colombia,Bogotá,Cliente_149,Zapatos,Calzado,40,3,50
323,2024-03-24,Ecuador,Guayaquil,Cliente_132,Camiseta,Básicos,M,4,12
324,2024-02-04,Perú,Arequipa,Cliente_288,Jeans,Denim,S,5,35
325,2024-03-16,Perú,Arequipa,Cliente_123,Jeans,Denim,S,5,35
326,2024-01-07,Ecuador,Quito,Cliente_52,Jeans,Denim,L,2,35
327,2024-01-01,Colombia,Medellín,Cliente_282,Zapatos,Calzado,37,2,50
328,2024-02-06,Ecuador,Guayaquil,Cliente_165,Zapatos,Calzado,40,2,50
329,2024-01-30,Colombia,Cali,Cliente_274,Camiseta,Básicos,S,5,12
330,2024-01-05,Perú,Lima,Cliente_204,Jeans,Denim,M,2,35
331,2024-02-08,Colombia,Bogotá,Cliente_291,Chaqueta,Abrigos,M,1,60
332,2024-03-23,Perú,Lima,Cliente_279,Chaqueta,Abrigos,L,4,60
333,2024-02-04,Perú,Arequipa,Cliente_99,Jeans,Denim,L,4,35
334,2024-03-23,Ecuador,Guayaquil,Cliente_132,Jeans,Denim,L,4,35
335,2024-02-07,Perú,Lima,Cliente_291,Camiseta,Básicos,L,3,12
336,2024-02-24,Perú,Lima,Cliente_264,Jeans,Denim,L,4,35
337,2024-01-24,Colombia,Bogotá,Cliente_72,Zapatos,Calzado,42,1,50
338,2024-02-19,Colombia,Medellín,Cliente_121,Jeans,Denim,S,3,35
339,2024-03-14,Colombia,Medellín,Cliente_6,Chaqueta,Abrigos,L,5,60
340,2024-03-26,Colombia,Cali,Cliente_61,Chaqueta,Abrigos,M,1,60
341,2024-03-31,Colombia,Medellín,Cliente_160,Jeans,Denim,M,5,35
342,2024-01-29,Perú,Lima,Cliente_113,Chaqueta,Abrigos,L,5,60
343,2024-02-17,Ecuador,Guayaquil,Cliente_213,Jeans,Denim,M,5,35
344,2024-01-11,Perú,Arequipa,Cliente_270,Jeans,Denim,S,5,35
345,2024-01-15,Colombia,Cali,Cliente_32,Chaqueta,Abrigos,M,5,60
346,2024-03-07,Perú,Lima,Cliente_227,Jeans,Denim,S,3,35
347,2024-03-03,Ecuador,Cuenca,Cliente_47,Jeans,Denim,L,5,35
348,2024-03-06,Perú,Arequipa,Cliente_213,Camiseta,Básicos,M,2,12
349,2024-03-27,Colombia,Cali,Cliente_158,Camiseta,Básicos,L,4,12
350,2024-01-28,Perú,Lima,Cliente_297,Zapatos,Calzado,39,1,50
351,2024-03-10,Ecuador,Quito,Cliente_31,Zapatos,Calzado,39,1,50
352,2024-01-24,Ecuador,Guayaquil,Cliente_70,Camiseta,Básicos,M,4,12
353,2024-02-18,Perú,Arequipa,Cliente_193,Chaqueta,Abrigos,L,4,60
354,2024-01-16,Ecuador,Cuenca,Cliente_92,Jeans,Denim,L,3,35
355,2024-01-01,Perú,Arequipa,Cliente_12,Jeans,Denim,L,2,35
356,2024-01-30,Colombia,Medellín,Cliente_127,Zapatos,Calzado,41,4,50
357,2024-01-15,Colombia,Medellín,Cliente_17,Jeans,Denim,M,2,35
358,2024-01-09,Perú,Arequipa,Cliente_52,Camiseta,Básicos,S,2,12
359,2024-02-01,Perú,Lima,Cliente_23,Zapatos,Calzado,41,1,50
360,2024-01-08,Colombia,Medellín,Cliente_72,Jeans,Denim,L,2,35
361,2024-02-10,Perú,Arequipa,Cliente_296,Jeans,Denim,L,5,35
362,2024-03-25,Perú,Arequipa,Cliente_267,Jeans,Denim,M,2,35
363,2024-03-12,Ecuador,Guayaquil,Cliente_90,Chaqueta,Abrigos,L,1,60
364,2024-03-23,Perú,Arequipa,Cliente_196,Zapatos,Calzado,37,3,50
365,2024-02-08,Perú,Arequipa,Cliente_193,Zapatos,Calzado,40,2,50
366,2024-02-08,Ecuador,Cuenca,Cliente_74,Zapatos,Calzado,38,2,50
367,2024-03-08,Colombia,Bogotá,Cliente_69,Zapatos,Calzado,40,5,50
368,2024-03-23,Colombia,Bogotá,Cliente_41,Chaqueta,Abrigos,M,3,60
369,2024-01-07,Colombia,Medellín,Cliente_138,Camiseta,Básicos,L,2,12
370,2024-03-16,Colombia,Cali,Cliente_287,Camiseta,Básicos,S,2,12
371,2024-01-02,Ecuador,Guayaquil,Cliente_109,Jeans,Denim,M,3,35
372,2024-02-01,Ecuador,Cuenca,Cliente_105,Camiseta,Básicos,L,4,12
373,2024-02-29,Colombia,Bogotá,Cliente_274,Chaqueta,Abrigos,L,4,60
374,2024-03-06,Perú,Arequipa,Cliente_255,Chaqueta,Abrigos,L,3,60
375,2024-02-17,Colombia,Bogotá,Cliente_161,Zapatos,Calzado,39,2,50
376,2024-01-03,Colombia,Bogotá,Cliente_134,Jeans,Denim,L,2,35
377,2024-02-12,Perú,Arequipa,Cliente_118,Chaqueta,Abrigos,M,2,60
378,2024-03-24,Colombia,Cali,Cliente_173,Jeans,Denim,M,5,35
379,2024-02-15,Colombia,Medellín,Cliente_87,Zapatos,Calzado,40,2,50
380,2024-03-23,Ecuador,Cuenca,Cliente_31,Zapatos,Calzado,38,5,50
381,2024-01-01,Perú,Lima,Cliente_212,Camiseta,Básicos,L,1,12
382,2024-01-02,Ecuador,Cuenca,Cliente_112,Jeans,Denim,S,2,35
383,2024-03-22,Perú,Arequipa,Cliente_248,Chaqueta,Abrigos,M,5,60
384,2024-03-11,Perú,Arequipa,Cliente_211,Camiseta,Básicos,S,5,12
385,2024-03-05,Ecuador,Quito,Cliente_221,Chaqueta,Abrigos,L,1,60
386,2024-01-31,Ecuador,Quito,Cliente_99,Camiseta,Básicos,L,2,12
387,2024-01-11,Perú,Arequipa,Cliente_192,Chaqueta,Abrigos,L,4,60
388,2024-02-08,Colombia,Medellín,Cliente_42,Jeans,Denim,L,2,35
389,2024-02-18,Perú,Lima,Cliente_283,Camiseta,Básicos,M,4,12
390,2024-01-11,Colombia,Bogotá,Cliente_256,Camiseta,Básicos,L,2,12
391,2024-01-06,Colombia,Cali,Cliente_118,Chaqueta,Abrigos,M,5,60
392,2024-01-10,Ecuador,Cuenca,Cliente_144,Zapatos,Calzado,39,1,50
393,2024-01-27,Perú,Lima,Cliente_74,Jeans,Denim,M,1,35
394,2024-03-13,Perú,Arequipa,Cliente_124,Camiseta,Básicos,M,2,12
395,2024-03-29,Perú,Arequipa,Cliente_41,Chaqueta,Abrigos,L,2,60
396,2024-01-30,Perú,Arequipa,Cliente_39,Camiseta,Básicos,S,4,12
397,2024-03-22,Colombia,Cali,Cliente_140,Zapatos,Calzado,39,1,50
398,2024-02-18,Colombia,Medellín,Cliente_222,Jeans,Denim,M,5,35
399,2024-02-07,Ecuador,Cuenca,Cliente_127,Zapatos,Calzado,37,5,50
400,2024-02-18,Perú,Lima,Cliente_79,Camiseta,Básicos,M,2,12
401,2024-01-12,Perú,Arequipa,Cliente_3,Chaqueta,Abrigos,L,1,60
402,2024-01-17,Colombia,Medellín,Cliente_45,Chaqueta,Abrigos,L,1,60
403,2024-03-06,Ecuador,Guayaquil,Cliente_209,Zapatos,Calzado,41,5,50
404,2024-01-12,Ecuador,Quito,Cliente_167,Camiseta,Básicos,M,5,12
405,2024-01-11,Colombia,Bogotá,Cliente_287,Chaqueta,Abrigos,L,4,60
406,2024-01-22,Ecuador,Cuenca,Cliente_72,Jeans,Denim,L,4,35
407,2024-01-09,Colombia,Medellín,Cliente_86,Chaqueta,Abrigos,L,2,60
408,2024-01-10,Colombia,Medellín,Cliente_185,Zapatos,Calzado,39,4,50
409,2024-01-26,Colombia,Bogotá,Cliente_235,Zapatos,Calzado,41,5,50
410,2024-02-12,Ecuador,Quito,Cliente_195,Chaqueta,Abrigos,M,4,60
411,2024-01-18,Colombia,Medellín,Cliente_154,Chaqueta,Abrigos,L,5,60
412,2024-01-23,Colombia,Cali,Cliente_204,Jeans,Denim,M,3,35
413,2024-02-11,Colombia,Medellín,Cliente_193,Zapatos,Calzado,41,2,50
414,2024-01-26,Colombia,Medellín,Cliente_280,Chaqueta,Abrigos,M,5,60
415,2024-03-31,Ecuador,Cuenca,Cliente_108,Camiseta,Básicos,L,4,12
416,2024-01-18,Colombia,Medellín,Cliente_156,Camiseta,Básicos,M,4,12
417,2024-02-18,Ecuador,Guayaquil,Cliente_38,Jeans,Denim,L,4,35
418,2024-03-09,Colombia,Cali,Cliente_260,Zapatos,Calzado,41,4,50
419,2024-03-17,Perú,Arequipa,Cliente_44,Camiseta,Básicos,M,5,12
420,2024-01-06,Ecuador,Quito,Cliente_289,Chaqueta,Abrigos,M,5,60
421,2024-01-02,Perú,Arequipa,Cliente_51,Chaqueta,Abrigos,L,1,60
422,2024-02-20,Colombia,Bogotá,Cliente_238,Jeans,Denim,M,3,35
423,2024-01-14,Perú,Lima,Cliente_152,Chaqueta,Abrigos,M,4,60
424,2024-02-14,Colombia,Bogotá,Cliente_160,Camiseta,Básicos,L,2,12
425,2024-02-14,Colombia,Medellín,Cliente_244,Jeans,Denim,L,4,35
426,2024-02-08,Ecuador,Guayaquil,Cliente_23,Zapatos,Calzado,39,1,50
427,2024-03-27,Perú,Lima,Cliente_85,Camiseta,Básicos,M,1,12
428,2024-02-12,Perú,Lima,Cliente_287,Jeans,Denim,L,2,35
429,2024-01-24,Colombia,Medellín,Cliente_222,Jeans,Denim,M,2,35
430,2024-02-24,Colombia,Bogotá,Cliente_200,Jeans,Denim,M,5,35
431,2024-03-31,Ecuador,Cuenca,Cliente_33,Jeans,Denim,S,3,35
432,2024-01-26,Perú,Lima,Cliente_235,Jeans,Denim,M,3,35
433,2024-03-17,Ecuador,Guayaquil,Cliente_199,Zapatos,Calzado,41,3,50
434,2024-02-28,Perú,Arequipa,Cliente_89,Camiseta,Básicos,M,3,12
435,2024-02-10,Perú,Arequipa,Cliente_61,Camiseta,Básicos,L,2,12
436,2024-03-29,Ecuador,Guayaquil,Cliente_73,Camiseta,Básicos,S,3,12
437,2024-03-14,Perú,Arequipa,Cliente_197,Zapatos,Calzado,41,2,50
438,2024-03-29,Colombia,Bogotá,Cliente_89,Zapatos,Calzado,42,5,50
439,2024-01-24,Perú,Lima,Cliente_162,Zapatos,Calzado,39,2,50
440,2024-03-03,Colombia,Cali,Cliente_70,Camiseta,Básicos,M,1,12
441,2024-02-23,Ecuador,Guayaquil,Cliente_228,Zapatos,Calzado,40,4,50
442,2024-01-29,Colombia,Bogotá,Cliente_150,Camiseta,Básicos,L,1,12
443,2024-01-22,Ecuador,Guayaquil,Cliente_235,Jeans,Denim,L,3,35
444,2024-02-04,Perú,Arequipa,Cliente_279,Camiseta,Básicos,L,1,12
445,2024-03-10,Colombia,Cali,Cliente_112,Camiseta,Básicos,L,4,12
446,2024-02-27,Colombia,Bogotá,Cliente_135,Jeans,Denim,M,1,35
447,2024-01-27,Colombia,Bogotá,Cliente_180,Zapatos,Calzado,37,2,50
448,2024-01-27,Perú,Arequipa,Cliente_106,Jeans,Denim,L,2,35
449,2024-03-09,Ecuador,Cuenca,Cliente_87,Chaqueta,Abrigos,L,5,60
450,2024-02-04,Colombia,Cali,Cliente_264,Chaqueta,Abrigos,L,5,60
451,2024-02-05,Perú,Lima,Cliente_65,Jeans,Denim,M,1,35
452,2024-02-01,Perú,Lima,Cliente_202,Jeans,Denim,S,3,35
453,2024-02-27,Colombia,Bogotá,Cliente_39,Chaqueta,Abrigos,L,4,60
454,2024-03-29,Perú,Lima,Cliente_189,Zapatos,Calzado,41,3,50
455,2024-02-28,Colombia,Medellín,Cliente_184,Chaqueta,Abrigos,M,1,60
456,2024-01-28,Ecuador,Cuenca,Cliente_254,Zapatos,Calzado,38,4,50
457,2024-03-14,Colombia,Medellín,Cliente_67,Chaqueta,Abrigos,L,5,60
458,2024-01-13,Perú,Arequipa,Cliente_236,Chaqueta,Abrigos,M,1,60
459,2024-01-01,Ecuador,Quito,Cliente_220,Jeans,Denim,M,4,35
460,2024-01-21,Ecuador,Cuenca,Cliente_141,Jeans,Denim,L,3,35
461,2024-02-17,Ecuador,Cuenca,Cliente_85,Chaqueta,Abrigos,L,1,60
462,2024-03-24,Ecuador,Guayaquil,Cliente_47,Chaqueta,Abrigos,M,4,60
463,2024-01-10,Perú,Lima,Cliente_68,Camiseta,Básicos,S,4,12
464,2024-03-30,Perú,Lima,Cliente_176,Zapatos,Calzado,37,1,50
465,2024-01-30,Ecuador,Guayaquil,Cliente_197,Jeans,Denim,M,1,35
466,2024-02-17,Ecuador,Cuenca,Cliente_154,Camiseta,Básicos,S,3,12
467,2024-01-09,Ecuador,Guayaquil,Cliente_272,Jeans,Denim,L,2,35
468,2024-01-28,Perú,Lima,Cliente_78,Jeans,Denim,M,3,35
469,2024-01-13,Colombia,Cali,Cliente_72,Zapatos,Calzado,38,1,50
470,2024-02-10,Ecuador,Cuenca,Cliente_72,Zapatos,Calzado,39,4,50
471,2024-03-17,Ecuador,Guayaquil,Cliente_146,Camiseta,Básicos,S,5,12
472,2024-03-18,Perú,Lima,Cliente_261,Chaqueta,Abrigos,M,5,60
473,2024-01-31,Ecuador,Cuenca,Cliente_254,Zapatos,Calzado,39,1,50
474,2024-01-10,Colombia,Bogotá,Cliente_271,Jeans,Denim,M,5,35
475,2024-03-13,Ecuador,Guayaquil,Cliente_216,Chaqueta,Abrigos,M,4,60
476,2024-01-03,Colombia,Cali,Cliente_35,Jeans,Denim,M,1,35
477,2024-02-20,Ecuador,Guayaquil,Cliente_260,Jeans,Denim,S,1,35
478,2024-01-11,Colombia,Cali,Cliente_275,Zapatos,Calzado,40,4,50
479,2024-01-11,Perú,Lima,Cliente_262,Chaqueta,Abrigos,M,3,60
480,2024-03-22,Ecuador,Quito,Cliente_34,Chaqueta,Abrigos,L,5,60
481,2024-01-08,Colombia,Cali,Cliente_126,Zapatos,Calzado,42,2,50
482,2024-03-18,Ecuador,Guayaquil,Cliente_29,Camiseta,Básicos,M,5,12
483,2024-03-31,Colombia,Cali,Cliente_71,Jeans,Denim,S,1,35
484,2024-03-07,Perú,Lima,Cliente_265,Jeans,Denim,M,3,35
485,2024-02-04,Perú,Arequipa,Cliente_61,Jeans,Denim,M,2,35
486,2024-01-09,Ecuador,Guayaquil,Cliente_135,Zapatos,Calzado,39,5,50
487,2024-02-16,Perú,Lima,Cliente_29,Zapatos,Calzado,40,5,50
488,2024-02-02,Colombia,Cali,Cliente_53,Jeans,Denim,M,2,35
489,2024-01-01,Perú,Lima,Cliente_23,Jeans,Denim,L,5,35
490,2024-02-19,Ecuador,Quito,Cliente_77,Camiseta,Básicos,M,3,12
491,2024-02-01,Ecuador,Quito,Cliente_214,Zapatos,Calzado,38,3,50
492,2024-02-17,Perú,Arequipa,Cliente_62,Chaqueta,Abrigos,M,5,60
493,2024-01-06,Perú,Lima,Cliente_206,Jeans,Denim,S,5,35
494,2024-01-12,Ecuador,Guayaquil,Cliente_284,Chaqueta,Abrigos,L,3,60
495,2024-03-13,Colombia,Bogotá,Cliente_156,Chaqueta,Abrigos,M,3,60
496,2024-03-04,Perú,Lima,Cliente_101,Zapatos,Calzado,39,5,50
497,2024-01-04,Perú,Lima,Cliente_120,Jeans,Denim,S,4,35
498,2024-03-25,Perú,Arequipa,Cliente_193,Camiseta,Básicos,M,1,12
499,2024-01-31,Perú,Arequipa,Cliente_215,Camiseta,Básicos,S,5,12
500,2024-01-12,Colombia,Bogotá,Cliente_23,Jeans,Denim,L,3,35
501,2024-02-28,Ecuador,Cuenca,Cliente_44,Zapatos,Calzado,42,3,50
502,2024-01-10,Perú,Lima,Cliente_291,Jeans,Denim,L,4,35
503,2024-02-03,Ecuador,Guayaquil,Cliente_162,Jeans,Denim,S,3,35
504,2024-02-04,Colombia,Cali,Cliente_120,Chaqueta,Abrigos,L,4,60
505,2024-01-20,Ecuador,Quito,Cliente_55,Jeans,Denim,L,1,35
506,2024-01-16,Ecuador,Guayaquil,Cliente_275,Zapatos,Calzado,39,4,50
507,2024-02-03,Colombia,Bogotá,Cliente_62,Zapatos,Calzado,39,4,50
508,2024-02-11,Ecuador,Quito,Cliente_76,Chaqueta,Abrigos,M,2,60
509,2024-03-06,Ecuador,Cuenca,Cliente_26,Jeans,Denim,M,4,35
510,2024-02-21,Perú,Arequipa,Cliente_232,Chaqueta,Abrigos,M,1,60
511,2024-01-18,Perú,Lima,Cliente_63,Camiseta,Básicos,M,1,12
512,2024-02-21,Ecuador,Quito,Cliente_191,Jeans,Denim,S,2,35
513,2024-01-09,Perú,Lima,Cliente_102,Chaqueta,Abrigos,M,1,60
514,2024-01-16,Perú,Arequipa,Cliente_22,Jeans,Denim,S,3,35
515,2024-02-20,Colombia,Bogotá,Cliente_255,Jeans,Denim,L,4,35
516,2024-01-28,Ecuador,Guayaquil,Cliente_96,Zapatos,Calzado,38,3,50
517,2024-03-19,Colombia,Medellín,Cliente_126,Zapatos,Calzado,38,1,50
518,2024-03-02,Perú,Arequipa,Cliente_32,Zapatos,Calzado,40,5,50
519,2024-01-26,Ecuador,Guayaquil,Cliente_270,Zapatos,Calzado,38,4,50
520,2024-03-02,Ecuador,Cuenca,Cliente_279,Camiseta,Básicos,M,3,12
521,2024-01-24,Colombia,Medellín,Cliente_14,Chaqueta,Abrigos,L,3,60
522,2024-01-08,Colombia,Cali,Cliente_242,Jeans,Denim,S,3,35
523,2024-02-01,Perú,Arequipa,Cliente_124,Jeans,Denim,S,1,35
524,2024-02-19,Colombia,Cali,Cliente_182,Camiseta,Básicos,S,5,12
525,2024-03-30,Ecuador,Quito,Cliente_184,Jeans,Denim,L,3,35
526,2024-01-25,Perú,Lima,Cliente_253,Chaqueta,Abrigos,M,5,60
527,2024-01-12,Perú,Arequipa,Cliente_29,Jeans,Denim,M,1,35
528,2024-03-02,Ecuador,Cuenca,Cliente_1,Jeans,Denim,S,5,35
529,2024-01-23,Colombia,Cali,Cliente_166,Jeans,Denim,S,3,35
530,2024-01-15,Ecuador,Quito,Cliente_270,Jeans,Denim,L,2,35
531,2024-01-13,Colombia,Bogotá,Cliente_173,Chaqueta,Abrigos,L,5,60
532,2024-03-22,Colombia,Medellín,Cliente_250,Jeans,Denim,S,4,35
533,2024-03-29,Perú,Arequipa,Cliente_183,Jeans,Denim,L,5,35
534,2024-03-29,Ecuador,Cuenca,Cliente_151,Jeans,Denim,M,3,35
535,2024-02-20,Ecuador,Quito,Cliente_291,Camiseta,Básicos,L,5,12
536,2024-01-14,Ecuador,Quito,Cliente_255,Chaqueta,Abrigos,M,5,60
537,2024-02-10,Ecuador,Guayaquil,Cliente_86,Camiseta,Básicos,S,3,12
538,2024-02-03,Perú,Lima,Cliente_108,Chaqueta,Abrigos,L,1,60
539,2024-01-14,Ecuador,Cuenca,Cliente_1,Camiseta,Básicos,M,3,12
540,2024-01-22,Ecuador,Guayaquil,Cliente_212,Zapatos,Calzado,42,4,50
541,2024-03-02,Colombia,Medellín,Cliente_296,Chaqueta,Abrigos,L,1,60
542,2024-01-05,Perú,Lima,Cliente_151,Jeans,Denim,M,1,35
543,2024-02-13,Ecuador,Guayaquil,Cliente_88,Chaqueta,Abrigos,M,1,60
544,2024-02-13,Colombia,Bogotá,Cliente_248,Camiseta,Básicos,L,1,12
545,2024-03-18,Perú,Lima,Cliente_223,Zapatos,Calzado,42,2,50
546,2024-01-25,Ecuador,Quito,Cliente_210,Camiseta,Básicos,M,2,12
547,2024-01-13,Perú,Arequipa,Cliente_26,Chaqueta,Abrigos,L,2,60
548,2024-02-16,Colombia,Cali,Cliente_2,Zapatos,Calzado,38,1,50
549,2024-01-13,Colombia,Bogotá,Cliente_14,Chaqueta,Abrigos,L,2,60
550,2024-01-15,Ecuador,Quito,Cliente_158,Chaqueta,Abrigos,M,4,60
551,2024-01-12,Colombia,Medellín,Cliente_279,Zapatos,Calzado,42,3,50
552,2024-01-24,Colombia,Bogotá,Cliente_229,Chaqueta,Abrigos,L,3,60
553,2024-01-29,Ecuador,Guayaquil,Cliente_138,Zapatos,Calzado,40,3,50
554,2024-01-11,Perú,Lima,Cliente_177,Jeans,Denim,L,1,35
555,2024-02-19,Perú,Arequipa,Cliente_268,Jeans,Denim,L,1,35
556,2024-03-01,Colombia,Cali,Cliente_154,Zapatos,Calzado,41,2,50
557,2024-03-07,Ecuador,Guayaquil,Cliente_293,Camiseta,Básicos,L,5,12
558,2024-01-22,Perú,Lima,Cliente_109,Camiseta,Básicos,M,2,12
559,2024-03-28,Ecuador,Quito,Cliente_223,Camiseta,Básicos,M,1,12
560,2024-02-10,Ecuador,Cuenca,Cliente_35,Jeans,Denim,L,3,35
561,2024-02-05,Ecuador,Guayaquil,Cliente_267,Zapatos,Calzado,41,3,50
562,2024-01-20,Colombia,Bogotá,Cliente_76,Zapatos,Calzado,37,4,50
563,2024-02-06,Perú,Lima,Cliente_275,Camiseta,Básicos,L,1,12
564,2024-03-14,Colombia,Medellín,Cliente_243,Chaqueta,Abrigos,L,4,60
565,2024-03-20,Ecuador,Quito,Cliente_206,Chaqueta,Abrigos,L,2,60
566,2024-03-01,Ecuador,Guayaquil,Cliente_138,Chaqueta,Abrigos,M,1,60
567,2024-02-05,Colombia,Bogotá,Cliente_252,Chaqueta,Abrigos,L,3,60
568,2024-02-26,Perú,Lima,Cliente_165,Jeans,Denim,S,3,35
569,2024-01-25,Colombia,Cali,Cliente_227,Zapatos,Calzado,41,1,50
570,2024-01-08,Ecuador,Guayaquil,Cliente_264,Zapatos,Calzado,41,3,50
571,2024-03-08,Ecuador,Quito,Cliente_292,Chaqueta,Abrigos,L,2,60
572,2024-02-01,Ecuador,Quito,Cliente_17,Jeans,Denim,S,1,35
573,2024-02-17,Colombia,Bogotá,Cliente_238,Chaqueta,Abrigos,M,3,60
574,2024-01-31,Perú,Arequipa,Cliente_191,Camiseta,Básicos,L,1,12
575,2024-03-16,Colombia,Cali,Cliente_283,Zapatos,Calzado,38,4,50
576,2024-02-06,Colombia,Medellín,Cliente_15,Jeans,Denim,M,1,35
577,2024-01-29,Colombia,Bogotá,Cliente_116,Jeans,Denim,L,2,35
578,2024-01-03,Perú,Lima,Cliente_5,Chaqueta,Abrigos,L,5,60
579,2024-01-29,Colombia,Bogotá,Cliente_130,Jeans,Denim,L,1,35
580,2024-02-14,Perú,Arequipa,Cliente_236,Chaqueta,Abrigos,L,4,60
581,2024-03-20,Colombia,Bogotá,Cliente_204,Zapatos,Calzado,39,5,50
582,2024-03-12,Perú,Lima,Cliente_145,Camiseta,Básicos,L,3,12
583,2024-02-13,Colombia,Cali,Cliente_142,Camiseta,Básicos,M,1,12
584,2024-01-25,Perú,Arequipa,Cliente_77,Chaqueta,Abrigos,L,3,60
585,2024-03-25,Perú,Lima,Cliente_164,Camiseta,Básicos,L,4,12
586,2024-02-07,Perú,Lima,Cliente_133,Camiseta,Básicos,L,4,12
587,2024-03-15,Colombia,Medellín,Cliente_293,Zapatos,Calzado,42,1,50
588,2024-03-22,Ecuador,Guayaquil,Cliente_244,Jeans,Denim,L,5,35
589,2024-01-24,Perú,Arequipa,Cliente_151,Chaqueta,Abrigos,M,5,60
590,2024-03-12,Ecuador,Guayaquil,Cliente_94,Jeans,Denim,L,3,35
591,2024-01-29,Perú,Arequipa,Cliente_158,Camiseta,Básicos,S,3,12
592,2024-02-07,Colombia,Medellín,Cliente_238,Chaqueta,Abrigos,L,5,60
593,2024-03-15,Ecuador,Guayaquil,Cliente_37,Camiseta,Básicos,L,5,12
594,2024-03-08,Colombia,Bogotá,Cliente_153,Camiseta,Básicos,L,4,12
595,2024-02-13,Colombia,Bogotá,Cliente_210,Jeans,Denim,S,2,35
596,2024-01-11,Perú,Arequipa,Cliente_250,Jeans,Denim,M,2,35
597,2024-01-01,Colombia,Cali,Cliente_232,Jeans,Denim,M,1,35
598,2024-03-03,Colombia,Bogotá,Cliente_46,Jeans,Denim,L,2,35
599,2024-02-21,Ecuador,Cuenca,Cliente_220,Zapatos,Calzado,42,4,50
600,2024-01-26,Colombia,Medellín,Cliente_192,Camiseta,Básicos,S,5,12
601,2024-03-21,Ecuador,Guayaquil,Cliente_128,Jeans,Denim,S,1,35
602,2024-01-14,Ecuador,Cuenca,Cliente_197,Chaqueta,Abrigos,L,2,60
603,2024-02-08,Perú,Arequipa,Cliente_149,Jeans,Denim,S,1,35
604,2024-02-13,Colombia,Cali,Cliente_251,Chaqueta,Abrigos,L,2,60
605,2024-01-30,Colombia,Bogotá,Cliente_115,Jeans,Denim,M,1,35
606,2024-03-16,Perú,Lima,Cliente_259,Jeans,Denim,L,1,35
607,2024-03-22,Ecuador,Quito,Cliente_131,Chaqueta,Abrigos,M,4,60
608,2024-03-24,Perú,Lima,Cliente_11,Camiseta,Básicos,L,1,12
609,2024-02-18,Ecuador,Cuenca,Cliente_64,Camiseta,Básicos,M,4,12
610,2024-01-27,Perú,Arequipa,Cliente_5,Zapatos,Calzado,42,2,50
611,2024-02-04,Colombia,Medellín,Cliente_71,Camiseta,Básicos,L,5,12
612,2024-01-14,Colombia,Bogotá,Cliente_255,Camiseta,Básicos,M,1,12
613,2024-01-26,Ecuador,Cuenca,Cliente_184,Jeans,Denim,M,5,35
614,2024-03-11,Perú,Arequipa,Cliente_255,Chaqueta,Abrigos,M,1,60
615,2024-01-01,Ecuador,Cuenca,Cliente_7,Zapatos,Calzado,39,2,50
616,2024-01-20,Perú,Lima,Cliente_47,Camiseta,Básicos,L,4,12
617,2024-02-28,Perú,Lima,Cliente_152,Camiseta,Básicos,M,2,12
618,2024-01-06,Colombia,Medellín,Cliente_149,Camiseta,Básicos,S,2,12
619,2024-01-13,Colombia,Cali,Cliente_24,Chaqueta,Abrigos,L,1,60
620,2024-02-26,Ecuador,Quito,Cliente_138,Jeans,Denim,M,3,35
621,2024-01-15,Perú,Lima,Cliente_206,Chaqueta,Abrigos,L,2,60
622,2024-02-23,Colombia,Medellín,Cliente_86,Chaqueta,Abrigos,L,4,60
623,2024-02-23,Ecuador,Quito,Cliente_248,Camiseta,Básicos,S,1,12
624,2024-02-15,Perú,Arequipa,Cliente_15,Jeans,Denim,L,4,35
625,2024-02-22,Perú,Lima,Cliente_226,Zapatos,Calzado,40,1,50
626,2024-03-31,Ecuador,Quito,Cliente_269,Chaqueta,Abrigos,L,1,60
627,2024-03-25,Perú,Lima,Cliente_128,Chaqueta,Abrigos,M,4,60
628,2024-03-19,Colombia,Medellín,Cliente_28,Zapatos,Calzado,38,5,50
629,2024-03-04,Ecuador,Cuenca,Cliente_85,Jeans,Denim,L,4,35
630,2024-02-05,Ecuador,Guayaquil,Cliente_26,Chaqueta,Abrigos,M,3,60
631,2024-01-11,Perú,Lima,Cliente_236,Zapatos,Calzado,40,2,50
632,2024-02-27,Colombia,Cali,Cliente_162,Zapatos,Calzado,37,4,50
633,2024-02-22,Ecuador,Guayaquil,Cliente_19,Camiseta,Básicos,S,4,12
634,2024-03-22,Perú,Lima,Cliente_156,Camiseta,Básicos,L,5,12
635,2024-01-07,Perú,Lima,Cliente_115,Zapatos,Calzado,39,3,50
636,2024-02-27,Colombia,Medellín,Cliente_59,Zapatos,Calzado,42,3,50
637,2024-02-15,Ecuador,Cuenca,Cliente_150,Jeans,Denim,S,3,35
638,2024-03-04,Perú,Arequipa,Cliente_72,Camiseta,Básicos,S,2,12
639,2024-01-26,Perú,Arequipa,Cliente_97,Camiseta,Básicos,M,5,12
640,2024-02-13,Ecuador,Guayaquil,Cliente_56,Jeans,Denim,M,2,35
641,2024-03-25,Colombia,Bogotá,Cliente_259,Camiseta,Básicos,M,4,12
642,2024-03-11,Ecuador,Guayaquil,Cliente_222,Camiseta,Básicos,L,1,12
643,2024-01-23,Perú,Arequipa,Cliente_66,Jeans,Denim,L,5,35
644,2024-03-18,Ecuador,Guayaquil,Cliente_128,Chaqueta,Abrigos,L,4,60
645,2024-01-18,Colombia,Medellín,Cliente_71,Chaqueta,Abrigos,L,4,60
646,2024-03-21,Colombia,Cali,Cliente_112,Chaqueta,Abrigos,L,5,60
647,2024-03-31,Ecuador,Quito,Cliente_92,Chaqueta,Abrigos,L,2,60
648,2024-03-02,Perú,Arequipa,Cliente_299,Camiseta,Básicos,M,5,12
649,2024-03-07,Perú,Arequipa,Cliente_55,Chaqueta,Abrigos,L,1,60
650,2024-01-26,Ecuador,Guayaquil,Cliente_137,Jeans,Denim,S,1,35
651,2024-03-29,Ecuador,Guayaquil,Cliente_152,Chaqueta,Abrigos,M,1,60
652,2024-01-14,Ecuador,Cuenca,Cliente_288,Camiseta,Básicos,M,4,12
653,2024-03-30,Ecuador,Cuenca,Cliente_148,Zapatos,Calzado,38,5,50
654,2024-03-28,Perú,Lima,Cliente_161,Zapatos,Calzado,40,4,50
655,2024-01-26,Perú,Lima,Cliente_227,Camiseta,Básicos,L,3,12
656,2024-02-07,Ecuador,Cuenca,Cliente_230,Chaqueta,Abrigos,M,2,60
657,2024-03-06,Ecuador,Cuenca,Cliente_62,Camiseta,Básicos,S,2,12
658,2024-02-03,Colombia,Bogotá,Cliente_67,Zapatos,Calzado,39,5,50
659,2024-02-29,Ecuador,Cuenca,Cliente_80,Chaqueta,Abrigos,M,3,60
660,2024-03-25,Ecuador,Quito,Cliente_155,Chaqueta,Abrigos,M,5,60
661,2024-03-08,Colombia,Cali,Cliente_113,Chaqueta,Abrigos,M,3,60
662,2024-02-23,Ecuador,Cuenca,Cliente_279,Camiseta,Básicos,L,2,12
663,2024-01-28,Perú,Arequipa,Cliente_170,Camiseta,Básicos,M,2,12
664,2024-03-08,Colombia,Medellín,Cliente_244,Chaqueta,Abrigos,M,5,60
665,2024-02-27,Perú,Lima,Cliente_124,Camiseta,Básicos,L,3,12
666,2024-02-18,Perú,Lima,Cliente_59,Camiseta,Básicos,L,3,12
667,2024-02-17,Colombia,Medellín,Cliente_264,Chaqueta,Abrigos,M,5,60
668,2024-03-24,Perú,Arequipa,Cliente_99,Zapatos,Calzado,37,3,50
669,2024-03-09,Colombia,Cali,Cliente_274,Camiseta,Básicos,S,2,12
670,2024-03-28,Ecuador,Cuenca,Cliente_218,Camiseta,Básicos,S,2,12
671,2024-03-28,Ecuador,Quito,Cliente_79,Zapatos,Calzado,42,1,50
672,2024-01-10,Ecuador,Guayaquil,Cliente_28,Chaqueta,Abrigos,M,1,60
673,2024-02-03,Ecuador,Guayaquil,Cliente_209,Camiseta,Básicos,L,2,12
674,2024-01-03,Colombia,Medellín,Cliente_200,Zapatos,Calzado,40,3,50
675,2024-01-09,Perú,Lima,Cliente_300,Camiseta,Básicos,L,5,12
676,2024-01-14,Ecuador,Cuenca,Cliente_149,Camiseta,Básicos,M,5,12
677,2024-02-18,Perú,Arequipa,Cliente_203,Camiseta,Básicos,M,4,12
678,2024-01-29,Perú,Lima,Cliente_70,Zapatos,Calzado,38,5,50
679,2024-03-27,Perú,Arequipa,Cliente_192,Chaqueta,Abrigos,M,3,60
680,2024-01-01,Ecuador,Cuenca,Cliente_294,Jeans,Denim,S,1,35
681,2024-02-14,Perú,Arequipa,Cliente_109,Camiseta,Básicos,M,2,12
682,2024-01-29,Colombia,Cali,Cliente_130,Jeans,Denim,S,2,35
683,2024-01-07,Ecuador,Quito,Cliente_282,Jeans,Denim,L,5,35
684,2024-02-02,Colombia,Cali,Cliente_51,Camiseta,Básicos,M,1,12
685,2024-01-17,Ecuador,Cuenca,Cliente_121,Zapatos,Calzado,39,3,50
686,2024-03-03,Ecuador,Guayaquil,Cliente_231,Camiseta,Básicos,S,3,12
687,2024-03-13,Colombia,Cali,Cliente_187,Chaqueta,Abrigos,M,5,60
688,2024-02-01,Colombia,Medellín,Cliente_114,Jeans,Denim,S,3,35
689,2024-03-27,Perú,Arequipa,Cliente_170,Chaqueta,Abrigos,L,2,60
690,2024-03-03,Colombia,Medellín,Cliente_283,Zapatos,Calzado,39,3,50
691,2024-03-09,Ecuador,Quito,Cliente_101,Camiseta,Básicos,M,2,12
692,2024-01-03,Colombia,Cali,Cliente_260,Camiseta,Básicos,L,1,12
693,2024-01-05,Perú,Lima,Cliente_283,Zapatos,Calzado,41,2,50
694,2024-02-16,Colombia,Cali,Cliente_201,Zapatos,Calzado,42,2,50
695,2024-03-05,Ecuador,Cuenca,Cliente_262,Chaqueta,Abrigos,M,4,60
696,2024-03-19,Ecuador,Guayaquil,Cliente_85,Chaqueta,Abrigos,M,2,60
697,2024-03-13,Perú,Lima,Cliente_290,Zapatos,Calzado,38,2,50
698,2024-01-29,Perú,Lima,Cliente_250,Zapatos,Calzado,39,1,50
699,2024-01-06,Ecuador,Quito,Cliente_106,Chaqueta,Abrigos,L,2,60
700,2024-01-06,Perú,Arequipa,Cliente_21,Zapatos,Calzado,40,4,50
701,2024-03-22,Perú,Arequipa,Cliente_141,Camiseta,Básicos,L,5,12
702,2024-02-16,Perú,Arequipa,Cliente_40,Jeans,Denim,M,4,35
703,2024-02-21,Perú,Arequipa,Cliente_181,Zapatos,Calzado,38,5,50
704,2024-03-05,Colombia,Medellín,Cliente_72,Zapatos,Calzado,41,1,50
705,2024-03-23,Colombia,Bogotá,Cliente_144,Jeans,Denim,S,5,35
706,2024-03-18,Ecuador,Quito,Cliente_61,Jeans,Denim,S,3,35
707,2024-03-02,Perú,Lima,Cliente_246,Zapatos,Calzado,39,1,50
708,2024-01-03,Colombia,Bogotá,Cliente_125,Jeans,Denim,L,4,35
709,2024-01-06,Ecuador,Quito,Cliente_294,Jeans,Denim,S,5,35
710,2024-03-07,Ecuador,Quito,Cliente_208,Jeans,Denim,M,2,35
711,2024-02-27,Perú,Lima,Cliente_242,Chaqueta,Abrigos,M,2,60
712,2024-01-19,Colombia,Bogotá,Cliente_299,Jeans,Denim,M,5,35
713,2024-02-28,Ecuador,Cuenca,Cliente_36,Chaqueta,Abrigos,M,3,60
714,2024-01-03,Ecuador,Guayaquil,Cliente_104,Zapatos,Calzado,38,1,50
715,2024-01-23,Perú,Arequipa,Cliente_244,Jeans,Denim,L,1,35
716,2024-03-25,Perú,Lima,Cliente_67,Camiseta,Básicos,S,4,12
717,2024-02-17,Perú,Lima,Cliente_23,Zapatos,Calzado,41,4,50
718,2024-02-14,Perú,Arequipa,Cliente_295,Jeans,Denim,M,4,35
719,2024-01-30,Ecuador,Guayaquil,Cliente_43,Jeans,Denim,M,4,35
720,2024-01-01,Colombia,Cali,Cliente_4,Zapatos,Calzado,39,2,50
721,2024-03-29,Perú,Lima,Cliente_162,Camiseta,Básicos,M,2,12
722,2024-03-24,Colombia,Medellín,Cliente_300,Camiseta,Básicos,S,4,12
723,2024-03-19,Colombia,Medellín,Cliente_142,Zapatos,Calzado,41,3,50
724,2024-03-12,Perú,Arequipa,Cliente_248,Jeans,Denim,M,5,35
725,2024-03-14,Ecuador,Guayaquil,Cliente_177,Zapatos,Calzado,39,3,50
726,2024-01-30,Perú,Arequipa,Cliente_229,Jeans,Denim,L,1,35
727,2024-02-21,Perú,Lima,Cliente_174,Camiseta,Básicos,S,5,12
728,2024-01-12,Perú,Lima,Cliente_75,Jeans,Denim,M,1,35
729,2024-02-03,Colombia,Cali,Cliente_114,Zapatos,Calzado,37,1,50
730,2024-02-21,Colombia,Bogotá,Cliente_267,Camiseta,Básicos,L,4,12
731,2024-02-26,Colombia,Cali,Cliente_6,Camiseta,Básicos,S,4,12
732,2024-03-17,Ecuador,Cuenca,Cliente_262,Chaqueta,Abrigos,M,1,60
733,2024-02-16,Perú,Lima,Cliente_123,Jeans,Denim,L,1,35
734,2024-02-21,Perú,Lima,Cliente_181,Jeans,Denim,S,3,35
735,2024-03-07,Perú,Arequipa,Cliente_8,Zapatos,Calzado,41,2,50
736,2024-03-12,Perú,Lima,Cliente_299,Camiseta,Básicos,L,3,12
737,2024-01-25,Colombia,Medellín,Cliente_233,Chaqueta,Abrigos,M,5,60
738,2024-02-22,Colombia,Cali,Cliente_260,Camiseta,Básicos,M,2,12
739,2024-02-13,Ecuador,Cuenca,Cliente_60,Camiseta,Básicos,L,3,12
740,2024-03-13,Perú,Arequipa,Cliente_248,Chaqueta,Abrigos,L,4,60
741,2024-03-16,Ecuador,Guayaquil,Cliente_15,Zapatos,Calzado,42,4,50
742,2024-03-22,Colombia,Bogotá,Cliente_113,Chaqueta,Abrigos,M,4,60
743,2024-03-07,Perú,Lima,Cliente_275,Chaqueta,Abrigos,L,3,60
744,2024-01-12,Ecuador,Cuenca,Cliente_205,Chaqueta,Abrigos,M,3,60
745,2024-03-01,Perú,Arequipa,Cliente_161,Camiseta,Básicos,L,2,12
746,2024-03-04,Colombia,Bogotá,Cliente_103,Chaqueta,Abrigos,M,2,60
747,2024-01-30,Ecuador,Cuenca,Cliente_104,Jeans,Denim,M,2,35
748,2024-01-16,Ecuador,Cuenca,Cliente_41,Chaqueta,Abrigos,M,1,60
749,2024-03-02,Perú,Arequipa,Cliente_191,Camiseta,Básicos,L,1,12
750,2024-03-03,Perú,Arequipa,Cliente_94,Zapatos,Calzado,41,3,50
751,2024-01-17,Perú,Arequipa,Cliente_28,Zapatos,Calzado,38,5,50
752,2024-03-05,Perú,Arequipa,Cliente_178,Zapatos,Calzado,41,1,50
753,2024-03-30,Colombia,Cali,Cliente_266,Jeans,Denim,M,1,35
754,2024-02-18,Colombia,Medellín,Cliente_298,Camiseta,Básicos,S,2,12
755,2024-03-11,Ecuador,Guayaquil,Cliente_135,Chaqueta,Abrigos,L,2,60
756,2024-02-16,Ecuador,Guayaquil,Cliente_95,Zapatos,Calzado,41,3,50
757,2024-02-16,Colombia,Medellín,Cliente_206,Jeans,Denim,M,3,35
758,2024-03-14,Colombia,Medellín,Cliente_118,Jeans,Denim,L,2,35
759,2024-02-25,Ecuador,Cuenca,Cliente_196,Chaqueta,Abrigos,M,5,60
760,2024-01-23,Ecuador,Quito,Cliente_216,Jeans,Denim,M,1,35
761,2024-02-02,Colombia,Bogotá,Cliente_288,Chaqueta,Abrigos,L,3,60
762,2024-01-08,Perú,Lima,Cliente_111,Zapatos,Calzado,37,2,50
763,2024-02-03,Colombia,Medellín,Cliente_185,Camiseta,Básicos,M,3,12
764,2024-02-22,Colombia,Cali,Cliente_63,Chaqueta,Abrigos,L,1,60
765,2024-03-24,Colombia,Cali,Cliente_276,Jeans,Denim,L,5,35
766,2024-03-03,Ecuador,Guayaquil,Cliente_229,Chaqueta,Abrigos,L,5,60
767,2024-01-22,Ecuador,Guayaquil,Cliente_173,Chaqueta,Abrigos,L,2,60
768,2024-01-21,Colombia,Cali,Cliente_176,Zapatos,Calzado,37,1,50
769,2024-03-18,Ecuador,Guayaquil,Cliente_203,Chaqueta,Abrigos,L,3,60
770,2024-01-22,Colombia,Medellín,Cliente_95,Chaqueta,Abrigos,L,4,60
771,2024-03-30,Ecuador,Quito,Cliente_41,Jeans,Denim,L,3,35
772,2024-01-09,Ecuador,Quito,Cliente_243,Zapatos,Calzado,37,1,50
773,2024-01-11,Perú,Lima,Cliente_54,Camiseta,Básicos,M,5,12
774,2024-02-09,Colombia,Cali,Cliente_118,Jeans,Denim,S,4,35
775,2024-01-17,Ecuador,Cuenca,Cliente_270,Chaqueta,Abrigos,L,2,60
776,2024-02-11,Ecuador,Quito,Cliente_244,Camiseta,Básicos,L,3,12
777,2024-03-30,Colombia,Cali,Cliente_277,Chaqueta,Abrigos,L,2,60
778,2024-02-25,Ecuador,Cuenca,Cliente_269,Zapatos,Calzado,42,5,50
779,2024-01-30,Perú,Arequipa,Cliente_46,Chaqueta,Abrigos,L,5,60
780,2024-01-20,Colombia,Medellín,Cliente_156,Chaqueta,Abrigos,L,3,60
781,2024-03-01,Ecuador,Quito,Cliente_274,Jeans,Denim,M,3,35
782,2024-01-02,Ecuador,Cuenca,Cliente_221,Zapatos,Calzado,40,3,50
783,2024-02-17,Colombia,Cali,Cliente_97,Jeans,Denim,S,5,35
784,2024-01-21,Colombia,Cali,Cliente_200,Zapatos,Calzado,40,2,50
785,2024-03-21,Colombia,Bogotá,Cliente_123,Chaqueta,Abrigos,M,4,60
786,2024-01-25,Perú,Arequipa,Cliente_36,Chaqueta,Abrigos,L,4,60
787,2024-03-20,Ecuador,Quito,Cliente_232,Chaqueta,Abrigos,M,4,60
788,2024-01-03,Colombia,Cali,Cliente_78,Zapatos,Calzado,38,3,50
789,2024-02-06,Ecuador,Cuenca,Cliente_138,Camiseta,Básicos,S,1,12
790,2024-01-30,Ecuador,Cuenca,Cliente_47,Zapatos,Calzado,42,1,50
791,2024-02-23,Ecuador,Quito,Cliente_160,Zapatos,Calzado,38,3,50
792,2024-02-12,Colombia,Medellín,Cliente_42,Zapatos,Calzado,42,1,50
793,2024-03-10,Ecuador,Quito,Cliente_241,Chaqueta,Abrigos,L,1,60
794,2024-01-16,Ecuador,Quito,Cliente_128,Chaqueta,Abrigos,L,1,60
795,2024-01-26,Colombia,Medellín,Cliente_236,Jeans,Denim,L,1,35
796,2024-03-28,Perú,Lima,Cliente_160,Jeans,Denim,M,4,35
797,2024-03-07,Colombia,Bogotá,Cliente_63,Camiseta,Básicos,L,5,12
798,2024-01-07,Colombia,Medellín,Cliente_112,Chaqueta,Abrigos,M,3,60
799,2024-01-22,Ecuador,Quito,Cliente_142,Zapatos,Calzado,39,1,50
800,2024-01-06,Perú,Lima,Cliente_298,Zapatos,Calzado,38,1,50
801,2024-02-01,Perú,Arequipa,Cliente_81,Jeans,Denim,M,1,35
802,2024-02-15,Colombia,Bogotá,Cliente_79,Chaqueta,Abrigos,M,1,60
803,2024-02-10,Perú,Lima,Cliente_286,Jeans,Denim,M,2,35
804,2024-01-03,Perú,Arequipa,Cliente_194,Zapatos,Calzado,42,2,50
805,2024-03-03,Colombia,Cali,Cliente_225,Jeans,Denim,M,1,35
806,2024-01-24,Perú,Arequipa,Cliente_279,Zapatos,Calzado,38,5,50
807,2024-03-11,Colombia,Medellín,Cliente_83,Zapatos,Calzado,39,5,50
808,2024-02-03,Ecuador,Cuenca,Cliente_278,Jeans,Denim,M,3,35
809,2024-02-18,Colombia,Medellín,Cliente_95,Camiseta,Básicos,L,5,12
810,2024-01-09,Ecuador,Cuenca,Cliente_276,Chaqueta,Abrigos,M,3,60
811,2024-03-19,Colombia,Bogotá,Cliente_145,Zapatos,Calzado,41,2,50
812,2024-03-07,Colombia,Medellín,Cliente_35,Chaqueta,Abrigos,M,1,60
813,2024-01-14,Ecuador,Quito,Cliente_249,Jeans,Denim,S,2,35
814,2024-03-25,Ecuador,Quito,Cliente_251,Camiseta,Básicos,L,4,12
815,2024-03-18,Perú,Arequipa,Cliente_37,Camiseta,Básicos,M,2,12
816,2024-03-22,Ecuador,Quito,Cliente_32,Zapatos,Calzado,37,4,50
817,2024-03-19,Colombia,Cali,Cliente_137,Zapatos,Calzado,39,1,50
818,2024-01-28,Perú,Lima,Cliente_266,Camiseta,Básicos,M,1,12
819,2024-01-25,Ecuador,Quito,Cliente_99,Jeans,Denim,L,4,35
820,2024-02-23,Perú,Lima,Cliente_55,Jeans,Denim,L,5,35
821,2024-01-14,Perú,Arequipa,Cliente_86,Zapatos,Calzado,42,4,50
822,2024-03-25,Ecuador,Cuenca,Cliente_81,Zapatos,Calzado,41,3,50
823,2024-02-11,Perú,Arequipa,Cliente_191,Chaqueta,Abrigos,L,5,60
824,2024-03-18,Colombia,Cali,Cliente_124,Zapatos,Calzado,42,3,50
825,2024-02-16,Perú,Lima,Cliente_232,Zapatos,Calzado,41,3,50
826,2024-02-06,Colombia,Medellín,Cliente_9,Camiseta,Básicos,L,1,12
827,2024-01-29,Perú,Lima,Cliente_110,Chaqueta,Abrigos,M,3,60
828,2024-01-05,Colombia,Bogotá,Cliente_236,Chaqueta,Abrigos,M,1,60
829,2024-03-15,Colombia,Bogotá,Cliente_128,Jeans,Denim,M,3,35
830,2024-02-21,Ecuador,Guayaquil,Cliente_292,Chaqueta,Abrigos,M,5,60
831,2024-03-02,Ecuador,Cuenca,Cliente_89,Camiseta,Básicos,L,3,12
832,2024-01-05,Colombia,Cali,Cliente_296,Camiseta,Básicos,L,3,12
833,2024-02-25,Colombia,Bogotá,Cliente_214,Camiseta,Básicos,M,3,12
834,2024-01-07,Ecuador,Quito,Cliente_157,Camiseta,Básicos,L,4,12
835,2024-03-05,Perú,Lima,Cliente_114,Chaqueta,Abrigos,M,3,60
836,2024-03-14,Ecuador,Quito,Cliente_259,Zapatos,Calzado,40,5,50
837,2024-01-19,Ecuador,Quito,Cliente_68,Zapatos,Calzado,39,4,50
838,2024-03-11,Colombia,Bogotá,Cliente_205,Zapatos,Calzado,41,1,50
839,2024-03-30,Colombia,Bogotá,Cliente_67,Zapatos,Calzado,41,4,50
840,2024-03-24,Ecuador,Guayaquil,Cliente_293,Jeans,Denim,M,4,35
841,2024-02-04,Ecuador,Cuenca,Cliente_221,Jeans,Denim,S,1,35
842,2024-02-24,Colombia,Cali,Cliente_188,Camiseta,Básicos,S,4,12
843,2024-03-24,Colombia,Bogotá,Cliente_13,Chaqueta,Abrigos,L,5,60
844,2024-01-19,Colombia,Bogotá,Cliente_226,Chaqueta,Abrigos,L,5,60
845,2024-01-20,Ecuador,Quito,Cliente_44,Jeans,Denim,L,3,35
846,2024-01-19,Ecuador,Cuenca,Cliente_148,Camiseta,Básicos,S,5,12
847,2024-03-01,Ecuador,Guayaquil,Cliente_12,Camiseta,Básicos,M,4,12
848,2024-03-07,Colombia,Bogotá,Cliente_133,Jeans,Denim,S,5,35
849,2024-02-18,Perú,Arequipa,Cliente_299,Jeans,Denim,L,1,35
850,2024-02-06,Perú,Lima,Cliente_103,Chaqueta,Abrigos,M,1,60
851,2024-01-09,Perú,Arequipa,Cliente_199,Camiseta,Básicos,M,1,12
852,2024-02-07,Perú,Arequipa,Cliente_198,Chaqueta,Abrigos,M,1,60
853,2024-03-17,Ecuador,Guayaquil,Cliente_273,Camiseta,Básicos,M,4,12
854,2024-03-12,Ecuador,Quito,Cliente_12,Jeans,Denim,L,4,35
855,2024-02-20,Ecuador,Quito,Cliente_81,Chaqueta,Abrigos,L,4,60
856,2024-01-31,Ecuador,Guayaquil,Cliente_257,Chaqueta,Abrigos,L,3,60
857,2024-03-12,Colombia,Bogotá,Cliente_144,Chaqueta,Abrigos,L,1,60
858,2024-01-12,Ecuador,Quito,Cliente_196,Chaqueta,Abrigos,L,2,60
859,2024-01-20,Perú,Lima,Cliente_219,Zapatos,Calzado,38,5,50
860,2024-01-17,Colombia,Cali,Cliente_106,Chaqueta,Abrigos,L,5,60
861,2024-03-29,Perú,Lima,Cliente_269,Jeans,Denim,S,3,35
862,2024-01-21,Ecuador,Guayaquil,Cliente_163,Jeans,Denim,L,5,35
863,2024-01-19,Ecuador,Cuenca,Cliente_16,Camiseta,Básicos,S,3,12
864,2024-03-22,Colombia,Medellín,Cliente_141,Zapatos,Calzado,39,4,50
865,2024-01-04,Ecuador,Quito,Cliente_137,Camiseta,Básicos,S,2,12
866,2024-02-15,Perú,Lima,Cliente_41,Jeans,Denim,S,1,35
867,2024-03-01,Perú,Arequipa,Cliente_192,Jeans,Denim,L,5,35
868,2024-01-21,Ecuador,Guayaquil,Cliente_99,Zapatos,Calzado,40,2,50
869,2024-02-22,Ecuador,Quito,Cliente_114,Zapatos,Calzado,37,3,50
870,2024-02-26,Perú,Lima,Cliente_251,Jeans,Denim,S,2,35
871,2024-02-21,Perú,Arequipa,Cliente_22,Zapatos,Calzado,38,4,50
872,2024-03-14,Perú,Arequipa,Cliente_275,Chaqueta,Abrigos,L,5,60
873,2024-01-06,Perú,Lima,Cliente_126,Camiseta,Básicos,M,4,12
874,2024-03-07,Perú,Arequipa,Cliente_26,Camiseta,Básicos,L,4,12
875,2024-02-06,Ecuador,Guayaquil,Cliente_237,Zapatos,Calzado,40,3,50
876,2024-01-19,Ecuador,Guayaquil,Cliente_238,Chaqueta,Abrigos,M,5,60
877,2024-01-15,Perú,Arequipa,Cliente_93,Camiseta,Básicos,L,5,12
878,2024-02-27,Perú,Lima,Cliente_13,Zapatos,Calzado,40,3,50
879,2024-02-02,Ecuador,Guayaquil,Cliente_166,Jeans,Denim,M,1,35
880,2024-03-31,Perú,Lima,Cliente_231,Camiseta,Básicos,S,1,12
881,2024-03-06,Perú,Arequipa,Cliente_82,Camiseta,Básicos,L,4,12
882,2024-02-12,Colombia,Cali,Cliente_290,Zapatos,Calzado,37,2,50
883,2024-01-07,Perú,Lima,Cliente_215,Jeans,Denim,S,2,35
884,2024-01-16,Colombia,Medellín,Cliente_68,Zapatos,Calzado,39,2,50
885,2024-03-04,Ecuador,Quito,Cliente_256,Chaqueta,Abrigos,M,4,60
886,2024-03-16,Perú,Lima,Cliente_244,Zapatos,Calzado,38,2,50
887,2024-03-17,Colombia,Medellín,Cliente_4,Zapatos,Calzado,37,5,50
888,2024-01-24,Ecuador,Cuenca,Cliente_76,Chaqueta,Abrigos,M,1,60
889,2024-01-05,Ecuador,Cuenca,Cliente_296,Chaqueta,Abrigos,M,2,60
890,2024-01-14,Perú,Arequipa,Cliente_214,Chaqueta,Abrigos,M,1,60
891,2024-03-15,Ecuador,Quito,Cliente_185,Chaqueta,Abrigos,M,4,60
892,2024-02-18,Ecuador,Quito,Cliente_35,Chaqueta,Abrigos,L,3,60
893,2024-01-18,Colombia,Cali,Cliente_63,Camiseta,Básicos,M,4,12
894,2024-01-27,Perú,Arequipa,Cliente_108,Chaqueta,Abrigos,L,5,60
895,2024-01-12,Perú,Lima,Cliente_248,Camiseta,Básicos,L,5,12
896,2024-02-03,Perú,Arequipa,Cliente_270,Zapatos,Calzado,41,3,50
897,2024-03-04,Perú,Arequipa,Cliente_267,Jeans,Denim,L,5,35
898,2024-01-30,Perú,Arequipa,Cliente_149,Zapatos,Calzado,38,5,50
899,2024-03-21,Ecuador,Quito,Cliente_61,Camiseta,Básicos,S,4,12
900,2024-02-12,Perú,Lima,Cliente_180,Zapatos,Calzado,40,1,50
901,2024-03-29,Perú,Lima,Cliente_145,Camiseta,Básicos,L,2,12
902,2024-03-11,Colombia,Bogotá,Cliente_166,Chaqueta,Abrigos,L,5,60
903,2024-03-13,Ecuador,Quito,Cliente_15,Chaqueta,Abrigos,L,4,60
904,2024-03-01,Ecuador,Quito,Cliente_19,Chaqueta,Abrigos,L,4,60
905,2024-03-09,Perú,Lima,Cliente_172,Zapatos,Calzado,38,4,50
906,2024-03-13,Colombia,Medellín,Cliente_162,Camiseta,Básicos,L,3,12
907,2024-02-15,Perú,Lima,Cliente_34,Jeans,Denim,L,3,35
908,2024-03-21,Ecuador,Guayaquil,Cliente_274,Camiseta,Básicos,M,4,12
909,2024-01-15,Ecuador,Cuenca,Cliente_158,Zapatos,Calzado,38,5,50
910,2024-01-12,Perú,Arequipa,Cliente_255,Camiseta,Básicos,M,4,12
911,2024-03-08,Ecuador,Guayaquil,Cliente_155,Zapatos,Calzado,39,2,50
912,2024-01-12,Ecuador,Quito,Cliente_228,Chaqueta,Abrigos,M,2,60
913,2024-01-25,Perú,Lima,Cliente_175,Zapatos,Calzado,41,2,50
914,2024-01-13,Colombia,Cali,Cliente_265,Chaqueta,Abrigos,L,2,60
915,2024-02-28,Perú,Lima,Cliente_199,Jeans,Denim,L,1,35
916,2024-03-28,Perú,Lima,Cliente_45,Camiseta,Básicos,M,1,12
917,2024-03-25,Colombia,Medellín,Cliente_160,Camiseta,Básicos,S,5,12
918,2024-01-26,Ecuador,Cuenca,Cliente_99,Chaqueta,Abrigos,M,3,60
919,2024-02-04,Colombia,Medellín,Cliente_77,Chaqueta,Abrigos,L,1,60
920,2024-03-12,Ecuador,Guayaquil,Cliente_264,Camiseta,Básicos,S,5,12
921,2024-01-19,Ecuador,Quito,Cliente_146,Chaqueta,Abrigos,L,3,60
922,2024-03-19,Perú,Lima,Cliente_174,Jeans,Denim,S,3,35
923,2024-03-01,Perú,Arequipa,Cliente_26,Camiseta,Básicos,S,1,12
924,2024-02-20,Ecuador,Guayaquil,Cliente_92,Camiseta,Básicos,S,4,12
925,2024-01-26,Perú,Arequipa,Cliente_274,Chaqueta,Abrigos,L,3,60
926,2024-01-13,Ecuador,Guayaquil,Cliente_234,Jeans,Denim,S,4,35
927,2024-01-29,Colombia,Cali,Cliente_74,Zapatos,Calzado,40,2,50
928,2024-03-30,Perú,Arequipa,Cliente_170,Chaqueta,Abrigos,L,2,60
929,2024-03-01,Colombia,Medellín,Cliente_58,Zapatos,Calzado,37,1,50
930,2024-02-14,Colombia,Medellín,Cliente_295,Zapatos,Calzado,38,3,50
931,2024-02-11,Ecuador,Cuenca,Cliente_285,Camiseta,Básicos,M,1,12
932,2024-03-16,Perú,Lima,Cliente_212,Chaqueta,Abrigos,L,4,60
933,2024-03-02,Ecuador,Cuenca,Cliente_197,Jeans,Denim,L,2,35
934,2024-02-25,Ecuador,Guayaquil,Cliente_223,Jeans,Denim,L,5,35
935,2024-03-14,Perú,Arequipa,Cliente_250,Jeans,Denim,S,1,35
936,2024-01-13,Ecuador,Cuenca,Cliente_228,Zapatos,Calzado,39,5,50
937,2024-01-14,Ecuador,Guayaquil,Cliente_195,Zapatos,Calzado,37,5,50
938,2024-01-18,Colombia,Medellín,Cliente_298,Camiseta,Básicos,S,2,12
939,2024-02-27,Perú,Lima,Cliente_273,Jeans,Denim,L,2,35
940,2024-03-28,Colombia,Medellín,Cliente_163,Zapatos,Calzado,38,2,50
941,2024-01-12,Colombia,Cali,Cliente_299,Chaqueta,Abrigos,L,3,60
942,2024-01-08,Ecuador,Cuenca,Cliente_190,Zapatos,Calzado,38,3,50
943,2024-02-15,Perú,Lima,Cliente_57,Camiseta,Básicos,L,5,12
944,2024-02-20,Colombia,Bogotá,Cliente_163,Jeans,Denim,M,5,35
945,2024-03-10,Perú,Arequipa,Cliente_109,Zapatos,Calzado,40,4,50
946,2024-03-12,Perú,Lima,Cliente_197,Zapatos,Calzado,38,2,50
947,2024-01-18,Colombia,Medellín,Cliente_6,Jeans,Denim,M,2,35
948,2024-03-25,Ecuador,Cuenca,Cliente_224,Camiseta,Básicos,S,4,12
949,2024-02-28,Ecuador,Quito,Cliente_218,Jeans,Denim,L,4,35
950,2024-03-11,Perú,Lima,Cliente_231,Zapatos,Calzado,41,4,50
951,2024-03-18,Colombia,Medellín,Cliente_4,Jeans,Denim,S,4,35
952,2024-02-04,Perú,Arequipa,Cliente_211,Jeans,Denim,L,5,35
953,2024-03-02,Perú,Arequipa,Cliente_189,Camiseta,Básicos,S,5,12
954,2024-01-19,Ecuador,Cuenca,Cliente_270,Zapatos,Calzado,42,1,50
955,2024-01-12,Colombia,Medellín,Cliente_126,Camiseta,Básicos,L,5,12
956,2024-03-15,Colombia,Cali,Cliente_160,Camiseta,Básicos,L,5,12
957,2024-02-28,Perú,Lima,Cliente_263,Chaqueta,Abrigos,M,4,60
958,2024-02-07,Colombia,Cali,Cliente_149,Chaqueta,Abrigos,L,3,60
959,2024-03-21,Ecuador,Quito,Cliente_243,Chaqueta,Abrigos,L,1,60
960,2024-03-20,Perú,Lima,Cliente_14,Camiseta,Básicos,L,3,12
961,2024-01-10,Colombia,Medellín,Cliente_143,Camiseta,Básicos,S,5,12
962,2024-01-02,Colombia,Bogotá,Cliente_58,Chaqueta,Abrigos,L,3,60
963,2024-02-17,Perú,Lima,Cliente_90,Jeans,Denim,L,4,35
964,2024-03-08,Colombia,Cali,Cliente_17,Jeans,Denim,M,2,35
965,2024-03-04,Colombia,Bogotá,Cliente_212,Jeans,Denim,L,2,35
966,2024-01-27,Colombia,Bogotá,Cliente_296,Zapatos,Calzado,42,2,50
967,2024-01-15,Perú,Arequipa,Cliente_27,Camiseta,Básicos,L,3,12
968,2024-03-01,Ecuador,Guayaquil,Cliente_273,Zapatos,Calzado,40,3,50
969,2024-01-19,Ecuador,Guayaquil,Cliente_272,Zapatos,Calzado,40,3,50
970,2024-03-27,Colombia,Bogotá,Cliente_162,Chaqueta,Abrigos,L,4,60
971,2024-02-25,Perú,Lima,Cliente_140,Camiseta,Básicos,L,3,12
972,2024-03-24,Colombia,Medellín,Cliente_300,Chaqueta,Abrigos,M,3,60
973,2024-01-25,Colombia,Medellín,Cliente_267,Jeans,Denim,L,5,35
974,2024-01-02,Colombia,Cali,Cliente_5,Jeans,Denim,M,5,35
975,2024-01-14,Ecuador,Quito,Cliente_229,Zapatos,Calzado,37,5,50
976,2024-01-05,Colombia,Bogotá,Cliente_13,Chaqueta,Abrigos,L,2,60
977,2024-03-17,Perú,Lima,Cliente_63,Camiseta,Básicos,L,2,12
978,2024-02-18,Perú,Lima,Cliente_290,Camiseta,Básicos,L,2,12
979,2024-02-29,Ecuador,Quito,Cliente_39,Jeans,Denim,M,3,35
980,2024-02-02,Perú,Arequipa,Cliente_83,Chaqueta,Abrigos,L,3,60
981,2024-02-12,Ecuador,Guayaquil,Cliente_31,Camiseta,Básicos,M,4,12
982,2024-03-03,Colombia,Medellín,Cliente_103,Jeans,Denim,M,1,35
983,2024-01-14,Perú,Arequipa,Cliente_74,Jeans,Denim,L,4,35
984,2024-02-26,Perú,Arequipa,Cliente_133,Jeans,Denim,L,1,35
985,2024-02-02,Ecuador,Quito,Cliente_229,Camiseta,Básicos,S,5,12
986,2024-01-05,Ecuador,Guayaquil,Cliente_200,Jeans,Denim,L,1,35
987,2024-01-01,Colombia,Bogotá,Cliente_264,Chaqueta,Abrigos,L,5,60
988,2024-01-09,Perú,Arequipa,Cliente_277,Zapatos,Calzado,40,4,50
989,2024-01-16,Ecuador,Quito,Cliente_291,Zapatos,Calzado,42,4,50
990,2024-01-08,Perú,Arequipa,Cliente_47,Chaqueta,Abrigos,L,4,60
991,2024-02-07,Colombia,Cali,Cliente_104,Chaqueta,Abrigos,M,4,60
992,2024-02-08,Ecuador,Cuenca,Cliente_200,Camiseta,Básicos,M,2,12
993,2024-03-21,Ecuador,Cuenca,Cliente_225,Chaqueta,Abrigos,L,1,60
994,2024-01-04,Perú,Lima,Cliente_123,Jeans,Denim,S,2,35
995,2024-03-04,Colombia,Medellín,Cliente_274,Camiseta,Básicos,L,3,12
996,2024-02-13,Colombia,Bogotá,Cliente_22,Camiseta,Básicos,M,1,12
997,2024-02-28,Colombia,Bogotá,Cliente_275,Jeans,Denim,L,5,35
998,2024-01-19,Ecuador,Cuenca,Cliente_251,Jeans,Denim,S,1,35
999,2024-02-01,Perú,Lima,Cliente_67,Zapatos,Calzado,41,1,50
1000,2024-02-28,Ecuador,Quito,Cliente_88,Camiseta,Básicos,M,1,12
1001,2024-03-17,Perú,Lima,Cliente_113,Camiseta,Básicos,S,4,12
1002,2024-02-11,Ecuador,Quito,Cliente_62,Zapatos,Calzado,39,4,50
1003,2024-03-16,Perú,Lima,Cliente_89,Chaqueta,Abrigos,M,1,60
1004,2024-02-23,Colombia,Bogotá,Cliente_87,Camiseta,Básicos,M,2,12
1005,2024-03-15,Perú,Arequipa,Cliente_21,Jeans,Denim,M,2,35
1006,2024-03-03,Ecuador,Quito,Cliente_42,Zapatos,Calzado,38,1,50
1007,2024-02-06,Ecuador,Quito,Cliente_214,Jeans,Denim,S,5,35
1008,2024-03-22,Perú,Arequipa,Cliente_139,Jeans,Denim,S,2,35
1009,2024-03-19,Perú,Arequipa,Cliente_20,Zapatos,Calzado,38,2,50
1010,2024-03-21,Perú,Lima,Cliente_155,Zapatos,Calzado,41,1,50
1011,2024-01-25,Colombia,Medellín,Cliente_61,Camiseta,Básicos,L,2,12
1012,2024-03-21,Perú,Lima,Cliente_107,Chaqueta,Abrigos,M,4,60
1013,2024-03-28,Colombia,Bogotá,Cliente_243,Jeans,Denim,S,2,35
1014,2024-01-07,Colombia,Bogotá,Cliente_187,Jeans,Denim,L,1,35
1015,2024-03-19,Colombia,Bogotá,Cliente_233,Zapatos,Calzado,39,3,50
1016,2024-01-21,Ecuador,Quito,Cliente_15,Camiseta,Básicos,L,2,12
1017,2024-02-26,Colombia,Cali,Cliente_297,Camiseta,Básicos,S,2,12
1018,2024-01-30,Colombia,Medellín,Cliente_57,Jeans,Denim,L,3,35
1019,2024-01-26,Colombia,Bogotá,Cliente_193,Camiseta,Básicos,S,4,12
1020,2024-01-07,Ecuador,Quito,Cliente_224,Zapatos,Calzado,41,4,50
1021,2024-02-17,Ecuador,Quito,Cliente_70,Zapatos,Calzado,38,4,50
1022,2024-02-04,Colombia,Cali,Cliente_104,Jeans,Denim,L,3,35
1023,2024-01-08,Colombia,Bogotá,Cliente_144,Camiseta,Básicos,L,5,12
1024,2024-01-22,Ecuador,Quito,Cliente_176,Zapatos,Calzado,40,4,50
1025,2024-01-22,Ecuador,Guayaquil,Cliente_296,Jeans,Denim,L,5,35
1026,2024-03-03,Perú,Lima,Cliente_111,Camiseta,Básicos,M,5,12
1027,2024-02-24,Perú,Arequipa,Cliente_127,Zapatos,Calzado,39,1,50
1028,2024-03-16,Ecuador,Guayaquil,Cliente_77,Zapatos,Calzado,41,2,50
1029,2024-03-01,Perú,Lima,Cliente_259,Zapatos,Calzado,37,1,50
1030,2024-02-27,Ecuador,Guayaquil,Cliente_254,Zapatos,Calzado,40,1,50
1031,2024-01-28,Ecuador,Quito,Cliente_68,Camiseta,Básicos,L,4,12
1032,2024-01-03,Colombia,Medellín,Cliente_246,Jeans,Denim,L,1,35
1033,2024-03-14,Perú,Arequipa,Cliente_299,Jeans,Denim,L,4,35
1034,2024-01-24,Ecuador,Guayaquil,Cliente_190,Zapatos,Calzado,38,4,50
1035,2024-02-19,Perú,Arequipa,Cliente_171,Camiseta,Básicos,L,1,12
1036,2024-03-30,Perú,Lima,Cliente_278,Chaqueta,Abrigos,L,3,60
1037,2024-01-08,Perú,Lima,Cliente_264,Camiseta,Básicos,L,3,12
1038,2024-02-16,Perú,Arequipa,Cliente_239,Camiseta,Básicos,S,4,12
1039,2024-03-23,Perú,Lima,Cliente_287,Chaqueta,Abrigos,L,2,60
1040,2024-01-31,Perú,Lima,Cliente_277,Jeans,Denim,S,3,35
1041,2024-03-30,Ecuador,Cuenca,Cliente_108,Zapatos,Calzado,42,5,50
1042,2024-03-05,Perú,Lima,Cliente_217,Chaqueta,Abrigos,L,3,60
1043,2024-02-27,Colombia,Bogotá,Cliente_249,Camiseta,Básicos,M,3,12
1044,2024-03-27,Perú,Lima,Cliente_273,Zapatos,Calzado,42,5,50
1045,2024-02-28,Colombia,Medellín,Cliente_45,Chaqueta,Abrigos,M,2,60
1046,2024-01-14,Ecuador,Guayaquil,Cliente_85,Jeans,Denim,M,1,35
1047,2024-01-27,Colombia,Bogotá,Cliente_267,Jeans,Denim,M,2,35
1048,2024-01-17,Perú,Lima,Cliente_243,Chaqueta,Abrigos,L,5,60
1049,2024-02-07,Colombia,Medellín,Cliente_97,Zapatos,Calzado,42,1,50
1050,2024-02-22,Ecuador,Quito,Cliente_297,Jeans,Denim,L,3,35
1051,2024-03-26,Colombia,Cali,Cliente_272,Chaqueta,Abrigos,L,5,60
1052,2024-01-17,Perú,Arequipa,Cliente_157,Zapatos,Calzado,39,5,50
1053,2024-02-06,Ecuador,Guayaquil,Cliente_25,Jeans,Denim,M,3,35
1054,2024-03-20,Ecuador,Guayaquil,Cliente_83,Chaqueta,Abrigos,L,2,60
1055,2024-01-21,Perú,Arequipa,Cliente_122,Jeans,Denim,S,2,35
1056,2024-02-03,Ecuador,Quito,Cliente_190,Chaqueta,Abrigos,M,4,60
1057,2024-02-14,Ecuador,Quito,Cliente_76,Camiseta,Básicos,L,3,12
1058,2024-01-16,Colombia,Medellín,Cliente_13,Jeans,Denim,L,3,35
1059,2024-01-20,Colombia,Medellín,Cliente_3,Jeans,Denim,M,3,35
1060,2024-03-14,Perú,Arequipa,Cliente_76,Chaqueta,Abrigos,L,3,60
1061,2024-01-06,Perú,Arequipa,Cliente_72,Chaqueta,Abrigos,M,4,60
1062,2024-03-20,Perú,Lima,Cliente_113,Chaqueta,Abrigos,M,4,60
1063,2024-03-18,Colombia,Medellín,Cliente_100,Camiseta,Básicos,M,1,12
1064,2024-01-11,Perú,Lima,Cliente_276,Chaqueta,Abrigos,M,1,60
1065,2024-01-25,Colombia,Cali,Cliente_252,Camiseta,Básicos,L,4,12
1066,2024-02-20,Colombia,Cali,Cliente_76,Camiseta,Básicos,L,3,12
1067,2024-01-02,Perú,Arequipa,Cliente_146,Chaqueta,Abrigos,L,3,60
1068,2024-01-12,Colombia,Medellín,Cliente_111,Chaqueta,Abrigos,L,5,60
1069,2024-01-21,Perú,Arequipa,Cliente_218,Zapatos,Calzado,40,3,50
1070,2024-01-12,Perú,Arequipa,Cliente_74,Jeans,Denim,L,5,35
1071,2024-01-09,Ecuador,Guayaquil,Cliente_193,Zapatos,Calzado,41,3,50
1072,2024-02-23,Ecuador,Quito,Cliente_90,Zapatos,Calzado,42,3,50
1073,2024-02-18,Perú,Arequipa,Cliente_149,Jeans,Denim,S,2,35
1074,2024-02-08,Perú,Arequipa,Cliente_253,Camiseta,Básicos,M,5,12
1075,2024-01-20,Perú,Arequipa,Cliente_135,Jeans,Denim,S,1,35
1076,2024-02-23,Colombia,Cali,Cliente_92,Zapatos,Calzado,37,3,50
1077,2024-02-05,Colombia,Cali,Cliente_253,Jeans,Denim,S,1,35
1078,2024-02-25,Ecuador,Cuenca,Cliente_133,Chaqueta,Abrigos,L,5,60
1079,2024-03-14,Perú,Arequipa,Cliente_9,Camiseta,Básicos,M,5,12
1080,2024-02-29,Colombia,Bogotá,Cliente_70,Camiseta,Básicos,S,3,12
1081,2024-02-23,Colombia,Bogotá,Cliente_183,Camiseta,Básicos,M,3,12
1082,2024-01-25,Ecuador,Guayaquil,Cliente_94,Chaqueta,Abrigos,M,5,60
1083,2024-02-10,Ecuador,Cuenca,Cliente_155,Jeans,Denim,L,3,35
1084,2024-03-15,Colombia,Cali,Cliente_181,Chaqueta,Abrigos,M,5,60
1085,2024-02-17,Ecuador,Quito,Cliente_249,Jeans,Denim,L,3,35
1086,2024-01-20,Colombia,Medellín,Cliente_258,Jeans,Denim,S,2,35
1087,2024-01-10,Ecuador,Quito,Cliente_60,Camiseta,Básicos,M,4,12
1088,2024-03-29,Ecuador,Quito,Cliente_186,Zapatos,Calzado,39,3,50
1089,2024-01-04,Ecuador,Guayaquil,Cliente_61,Chaqueta,Abrigos,M,3,60
1090,2024-02-09,Ecuador,Quito,Cliente_65,Jeans,Denim,L,2,35
1091,2024-01-10,Ecuador,Quito,Cliente_10,Camiseta,Básicos,M,1,12
1092,2024-01-05,Colombia,Medellín,Cliente_263,Camiseta,Básicos,S,1,12
1093,2024-01-06,Perú,Lima,Cliente_34,Zapatos,Calzado,37,3,50
1094,2024-03-18,Colombia,Cali,Cliente_106,Camiseta,Básicos,S,1,12
1095,2024-01-04,Perú,Lima,Cliente_47,Jeans,Denim,L,3,35
1096,2024-01-21,Ecuador,Cuenca,Cliente_257,Chaqueta,Abrigos,L,3,60
1097,2024-01-02,Perú,Lima,Cliente_271,Camiseta,Básicos,S,5,12
1098,2024-03-09,Ecuador,Cuenca,Cliente_3,Jeans,Denim,M,2,35
1099,2024-02-16,Perú,Lima,Cliente_95,Jeans,Denim,L,4,35
1100,2024-02-18,Colombia,Cali,Cliente_218,Camiseta,Básicos,S,3,12
1101,2024-02-10,Ecuador,Cuenca,Cliente_64,Jeans,Denim,M,1,35
1102,2024-03-31,Colombia,Bogotá,Cliente_148,Jeans,Denim,M,3,35
1103,2024-01-15,Perú,Lima,Cliente_198,Camiseta,Básicos,M,4,12
1104,2024-03-11,Colombia,Medellín,Cliente_209,Chaqueta,Abrigos,L,2,60
1105,2024-03-27,Colombia,Medellín,Cliente_189,Jeans,Denim,S,4,35
1106,2024-02-20,Ecuador,Quito,Cliente_225,Zapatos,Calzado,42,1,50
1107,2024-02-21,Perú,Lima,Cliente_53,Camiseta,Básicos,S,4,12
1108,2024-02-13,Perú,Lima,Cliente_103,Camiseta,Básicos,M,2,12
1109,2024-03-04,Perú,Arequipa,Cliente_143,Camiseta,Básicos,S,4,12
1110,2024-03-26,Perú,Arequipa,Cliente_208,Zapatos,Calzado,39,4,50
1111,2024-01-14,Colombia,Cali,Cliente_63,Chaqueta,Abrigos,M,4,60
1112,2024-01-04,Colombia,Medellín,Cliente_51,Zapatos,Calzado,38,2,50
1113,2024-01-23,Perú,Lima,Cliente_196,Camiseta,Básicos,M,1,12
1114,2024-03-20,Perú,Arequipa,Cliente_50,Jeans,Denim,M,5,35
1115,2024-02-07,Ecuador,Cuenca,Cliente_255,Zapatos,Calzado,40,2,50
1116,2024-03-10,Colombia,Cali,Cliente_10,Chaqueta,Abrigos,L,5,60
1117,2024-02-10,Ecuador,Guayaquil,Cliente_193,Camiseta,Básicos,M,4,12
1118,2024-03-12,Colombia,Medellín,Cliente_156,Camiseta,Básicos,S,2,12
1119,2024-02-09,Perú,Lima,Cliente_200,Zapatos,Calzado,40,2,50
1120,2024-03-28,Colombia,Bogotá,Cliente_277,Zapatos,Calzado,42,5,50
1121,2024-03-05,Perú,Arequipa,Cliente_29,Zapatos,Calzado,41,2,50
1122,2024-03-19,Colombia,Medellín,Cliente_181,Zapatos,Calzado,41,4,50
1123,2024-01-06,Colombia,Medellín,Cliente_66,Camiseta,Básicos,S,5,12
1124,2024-02-18,Colombia,Medellín,Cliente_50,Camiseta,Básicos,L,3,12
1125,2024-01-08,Colombia,Medellín,Cliente_126,Chaqueta,Abrigos,L,3,60
1126,2024-02-09,Ecuador,Quito,Cliente_59,Chaqueta,Abrigos,M,1,60
1127,2024-01-05,Colombia,Bogotá,Cliente_236,Camiseta,Básicos,L,3,12
1128,2024-03-30,Perú,Arequipa,Cliente_241,Zapatos,Calzado,39,1,50
1129,2024-02-19,Perú,Lima,Cliente_166,Chaqueta,Abrigos,L,5,60
1130,2024-02-13,Perú,Lima,Cliente_255,Zapatos,Calzado,37,2,50
1131,2024-02-16,Perú,Arequipa,Cliente_224,Jeans,Denim,L,3,35
1132,2024-02-06,Ecuador,Guayaquil,Cliente_136,Camiseta,Básicos,L,2,12
1133,2024-01-12,Ecuador,Guayaquil,Cliente_297,Zapatos,Calzado,38,5,50
1134,2024-03-13,Ecuador,Cuenca,Cliente_272,Chaqueta,Abrigos,L,1,60
1135,2024-03-24,Colombia,Medellín,Cliente_155,Jeans,Denim,M,1,35
1136,2024-02-10,Perú,Arequipa,Cliente_103,Zapatos,Calzado,42,5,50
1137,2024-01-24,Colombia,Medellín,Cliente_10,Chaqueta,Abrigos,L,5,60
1138,2024-02-04,Perú,Lima,Cliente_273,Zapatos,Calzado,38,4,50
1139,2024-02-16,Perú,Arequipa,Cliente_237,Camiseta,Básicos,L,2,12
1140,2024-02-25,Ecuador,Quito,Cliente_211,Jeans,Denim,L,3,35
1141,2024-02-06,Colombia,Bogotá,Cliente_83,Jeans,Denim,M,3,35
1142,2024-01-15,Colombia,Cali,Cliente_77,Jeans,Denim,M,2,35
1143,2024-03-03,Ecuador,Quito,Cliente_287,Jeans,Denim,M,4,35
1144,2024-02-04,Colombia,Medellín,Cliente_70,Camiseta,Básicos,S,2,12
1145,2024-03-03,Ecuador,Guayaquil,Cliente_11,Chaqueta,Abrigos,M,1,60
1146,2024-02-22,Ecuador,Quito,Cliente_187,Chaqueta,Abrigos,L,1,60
1147,2024-01-31,Perú,Lima,Cliente_58,Zapatos,Calzado,42,2,50
1148,2024-01-31,Perú,Lima,Cliente_63,Chaqueta,Abrigos,L,1,60
1149,2024-02-24,Colombia,Medellín,Cliente_112,Zapatos,Calzado,42,2,50
1150,2024-02-26,Ecuador,Quito,Cliente_210,Jeans,Denim,S,3,35
1151,2024-02-17,Colombia,Cali,Cliente_58,Camiseta,Básicos,M,5,12
1152,2024-02-05,Colombia,Cali,Cliente_75,Zapatos,Calzado,40,2,50
1153,2024-03-23,Colombia,Medellín,Cliente_18,Chaqueta,Abrigos,L,1,60
1154,2024-02-19,Perú,Lima,Cliente_159,Jeans,Denim,M,5,35
1155,2024-02-26,Perú,Arequipa,Cliente_199,Camiseta,Básicos,L,2,12
1156,2024-01-31,Ecuador,Guayaquil,Cliente_153,Chaqueta,Abrigos,L,1,60
1157,2024-03-23,Ecuador,Quito,Cliente_209,Zapatos,Calzado,42,3,50
1158,2024-02-22,Ecuador,Guayaquil,Cliente_171,Camiseta,Básicos,M,4,12
1159,2024-03-05,Perú,Arequipa,Cliente_34,Camiseta,Básicos,S,3,12
1160,2024-01-07,Colombia,Medellín,Cliente_95,Chaqueta,Abrigos,L,1,60
1161,2024-01-26,Perú,Arequipa,Cliente_157,Jeans,Denim,S,4,35
1162,2024-02-01,Colombia,Cali,Cliente_265,Camiseta,Básicos,S,2,12
1163,2024-03-02,Perú,Lima,Cliente_69,Zapatos,Calzado,39,4,50
1164,2024-01-11,Colombia,Bogotá,Cliente_213,Chaqueta,Abrigos,L,2,60
1165,2024-01-29,Colombia,Bogotá,Cliente_11,Zapatos,Calzado,40,5,50
1166,2024-01-26,Ecuador,Cuenca,Cliente_135,Jeans,Denim,S,4,35
1167,2024-02-24,Perú,Lima,Cliente_134,Camiseta,Básicos,M,5,12
1168,2024-01-16,Ecuador,Quito,Cliente_8,Chaqueta,Abrigos,M,5,60
1169,2024-01-16,Perú,Arequipa,Cliente_115,Zapatos,Calzado,42,4,50
1170,2024-03-04,Perú,Lima,Cliente_196,Jeans,Denim,M,3,35
1171,2024-02-06,Ecuador,Guayaquil,Cliente_97,Jeans,Denim,L,2,35
1172,2024-02-07,Colombia,Bogotá,Cliente_135,Zapatos,Calzado,38,1,50
1173,2024-03-15,Ecuador,Cuenca,Cliente_235,Zapatos,Calzado,38,3,50
1174,2024-03-29,Ecuador,Quito,Cliente_204,Zapatos,Calzado,38,3,50
1175,2024-03-17,Perú,Lima,Cliente_132,Zapatos,Calzado,42,4,50
1176,2024-01-31,Ecuador,Quito,Cliente_242,Camiseta,Básicos,S,3,12
1177,2024-03-05,Colombia,Cali,Cliente_196,Camiseta,Básicos,S,3,12
1178,2024-01-06,Colombia,Medellín,Cliente_298,Chaqueta,Abrigos,M,5,60
1179,2024-02-13,Ecuador,Guayaquil,Cliente_240,Jeans,Denim,L,4,35
1180,2024-02-03,Ecuador,Quito,Cliente_60,Chaqueta,Abrigos,L,2,60
1181,2024-02-16,Colombia,Bogotá,Cliente_221,Jeans,Denim,M,3,35
1182,2024-01-22,Colombia,Medellín,Cliente_162,Chaqueta,Abrigos,L,4,60
1183,2024-01-07,Perú,Arequipa,Cliente_97,Jeans,Denim,L,4,35
1184,2024-03-01,Ecuador,Quito,Cliente_134,Jeans,Denim,S,1,35
1185,2024-03-04,Ecuador,Cuenca,Cliente_21,Zapatos,Calzado,40,1,50
1186,2024-01-15,Colombia,Medellín,Cliente_76,Zapatos,Calzado,40,4,50
1187,2024-01-24,Ecuador,Guayaquil,Cliente_87,Camiseta,Básicos,S,3,12
1188,2024-03-08,Perú,Arequipa,Cliente_293,Jeans,Denim,L,1,35
1189,2024-03-27,Ecuador,Guayaquil,Cliente_49,Camiseta,Básicos,S,4,12
1190,2024-02-17,Colombia,Bogotá,Cliente_55,Chaqueta,Abrigos,M,4,60
1191,2024-03-31,Colombia,Bogotá,Cliente_246,Camiseta,Básicos,S,4,12
1192,2024-01-06,Colombia,Cali,Cliente_232,Chaqueta,Abrigos,M,3,60
1193,2024-03-23,Colombia,Cali,Cliente_145,Jeans,Denim,S,1,35
1194,2024-02-18,Colombia,Bogotá,Cliente_48,Camiseta,Básicos,L,5,12
1195,2024-01-12,Colombia,Medellín,Cliente_11,Jeans,Denim,S,4,35
1196,2024-03-23,Ecuador,Quito,Cliente_79,Zapatos,Calzado,40,3,50
1197,2024-03-28,Ecuador,Guayaquil,Cliente_68,Zapatos,Calzado,40,3,50
1198,2024-01-26,Colombia,Cali,Cliente_251,Camiseta,Básicos,M,5,12
1199,2024-03-17,Colombia,Medellín,Cliente_217,Zapatos,Calzado,39,5,50
1200,2024-03-21,Ecuador,Guayaquil,Cliente_219,Chaqueta,Abrigos,M,4,60
