id_venta,fecha,pais,ciudad,id_cliente,id_producto,talla,cantidad
1,2024-02-01,Perú,Lima,1,1,L,3
2,2024-01-12,Ecuador,Cuenca,2,1,L,5
3,2024-03-05,Ecuador,Quito,3,1,S,2
4,2024-03-16,Perú,Lima,4,2,38,4
5,2024-01-20,Ecuador,Quito,5,2,39,3
6,2024-02-15,Colombia,Bogotá,6,1,M,1
7,2024-03-09,Perú,Arequipa,7,1,L,4
8,2024-01-25,Colombia,Bogotá,8,3,L,5
9,2024-01-30,Ecuador,Cuenca,9,4,M,1
10,2024-01-21,Colombia,Medellín,10,2,42,3
11,2024-03-22,Colombia,Bogotá,11,3,M,5
12,2024-02-04,Perú,Lima,12,4,M,4
13,2024-01-05,Ecuador,Cuenca,13,3,M,2
14,2024-02-10,Colombia,Medellín,14,1,S,5
15,2024-01-19,Perú,Arequipa,15,2,42,4
16,2024-02-21,Ecuador,Quito,16,3,L,5
17,2024-01-15,Ecuador,Quito,17,2,37,1
18,2024-02-19,Perú,Lima,18,2,41,1
19,2024-03-28,Perú,Arequipa,19,3,M,1
20,2024-02-25,Colombia,Cali,20,3,M,3
21,2024-01-14,Colombia,Bogotá,21,3,M,5
22,2024-03-10,Perú,Lima,22,4,M,2
23,2024-01-15,Ecuador,Cuenca,16,3,L,1
24,2024-01-11,Colombia,Bogotá,23,1,S,5
25,2024-01-17,Perú,Arequipa,24,1,L,2
26,2024-03-10,Perú,Lima,25,3,L,2
27,2024-02-26,Perú,Arequipa,26,2,42,3
28,2024-02-13,Colombia,Bogotá,27,4,S,1
29,2024-03-31,Perú,Lima,28,4,S,1
30,2024-03-06,Ecuador,Quito,29,1,M,1
31,2024-01-17,Colombia,Cali,30,2,38,5
32,2024-01-25,Perú,Arequipa,31,4,M,4
33,2024-02-22,Ecuador,Cuenca,32,2,39,4
34,2024-02-13,Perú,Lima,33,1,S,4
35,2024-01-18,Ecuador,Quito,2,4,L,4
36,2024-02-26,Ecuador,Guayaquil,34,2,38,1
37,2024-01-22,Ecuador,Quito,35,1,S,2
38,2024-01-22,Colombia,Medellín,36,4,M,1
39,2024-02-24,Ecuador,Guayaquil,37,3,L,3
40,2024-01-28,Perú,Arequipa,38,4,S,3
41,2024-03-15,Perú,Lima,39,3,M,1
42,2024-01-24,Perú,Lima,8,1,L,1
43,2024-03-13,Perú,Lima,40,4,M,1
44,2024-03-13,Perú,Lima,41,1,M,5
45,2024-01-31,Colombia,Medellín,15,4,L,3
46,2024-01-10,Colombia,Bogotá,42,3,L,3
47,2024-01-28,Colombia,Cali,43,1,S,5
48,2024-02-17,Colombia,Bogotá,44,3,M,2
49,2024-02-08,Ecuador,Guayaquil,45,3,M,5
50,2024-01-20,Ecuador,Guayaquil,46,1,S,5
51,2024-01-27,Colombia,Cali,15,4,L,3
52,2024-03-22,Perú,Arequipa,2,3,M,1
53,2024-03-22,Colombia,Bogotá,47,1,M,2
54,2024-03-12,Ecuador,Cuenca,42,2,41,4
55,2024-02-17,Ecuador,Quito,48,4,L,1
56,2024-02-09,Perú,Lima,49,2,38,1
57,2024-03-26,Ecuador,Guayaquil,50,4,L,2
58,2024-01-31,Colombia,Cali,51,2,41,2
59,2024-02-22,Ecuador,Guayaquil,52,1,S,3
60,2024-03-01,Colombia,Bogotá,53,1,M,1
61,2024-01-29,Ecuador,Guayaquil,54,3,L,2
62,2024-01-09,Perú,Lima,4,2,39,3
63,2024-02-12,Colombia,Cali,55,2,42,5
64,2024-01-05,Ecuador,Guayaquil,33,4,L,3
65,2024-03-18,Perú,Arequipa,56,3,L,4
66,2024-03-31,Ecuador,Guayaquil,57,4,M,1
67,2024-01-09,Ecuador,Cuenca,58,4,M,4
68,2024-03-05,Perú,Arequipa,59,1,L,3
69,2024-03-11,Perú,Arequipa,60,3,L,3
70,2024-03-19,Ecuador,Guayaquil,61,2,42,2
71,2024-01-27,Colombia,Medellín,62,1,M,3
72,2024-03-27,Perú,Arequipa,63,2,40,4
73,2024-02-06,Perú,Arequipa,64,4,L,1
74,2024-01-29,Perú,Arequipa,65,1,S,3
75,2024-03-19,Ecuador,Quito,66,1,S,4
76,2024-03-04,Colombia,Medellín,67,4,L,4
77,2024-01-29,Ecuador,Quito,68,1,S,4
78,2024-01-16,Perú,Arequipa,69,1,L,2
79,2024-03-05,Ecuador,Guayaquil,70,3,L,5
80,2024-02-27,Perú,Arequipa,71,4,L,4
81,2024-02-05,Ecuador,Cuenca,72,3,L,2
82,2024-02-12,Ecuador,Cuenca,73,3,M,3
83,2024-02-19,Perú,Lima,17,4,S,2
84,2024-02-12,Perú,Lima,74,1,M,4
85,2024-02-19,Colombia,Medellín,75,1,S,4
86,2024-02-15,Perú,Lima,21,2,40,1
87,2024-02-04,Colombia,Medellín,57,4,M,2
88,2024-01-22,Colombia,Bogotá,32,2,39,4
89,2024-03-13,Ecuador,Cuenca,3,1,M,5
90,2024-01-24,Ecuador,Cuenca,76,2,38,4
91,2024-02-11,Colombia,Medellín,77,3,M,4
92,2024-03-01,Colombia,Medellín,78,2,39,1
93,2024-03-24,Perú,Lima,79,3,M,1
94,2024-01-20,Ecuador,Quito,80,4,S,5
95,2024-02-29,Ecuador,Guayaquil,81,1,L,2
96,2024-01-14,Colombia,Bogotá,82,1,S,3
97,2024-01-10,Ecuador,Guayaquil,83,2,40,2
98,2024-01-06,Ecuador,Cuenca,84,3,M,5
99,2024-03-23,Perú,Arequipa,85,3,M,5
100,2024-02-16,Ecuador,Guayaquil,86,2,37,4
101,2024-03-24,Perú,Lima,87,2,38,5
102,2024-02-04,Perú,Arequipa,88,2,40,5
103,2024-02-29,Ecuador,Quito,61,3,L,2
104,2024-02-11,Perú,Arequipa,89,3,M,4
105,2024-02-05,Colombia,Bogotá,90,3,L,3
106,2024-02-22,Perú,Lima,91,4,S,2
107,2024-02-27,Perú,Lima,92,2,42,4
108,2024-02-09,Ecuador,Guayaquil,93,4,M,2
109,2024-02-12,Colombia,Medellín,94,3,L,5
110,2024-01-30,Perú,Arequipa,95,3,L,3
111,2024-03-29,Perú,Lima,96,3,M,5
112,2024-03-08,Ecuador,Quito,97,2,39,5
113,2024-01-23,Ecuador,Quito,98,3,M,3
114,2024-01-07,Ecuador,Cuenca,99,4,M,1
115,2024-01-14,Colombia,Cali,100,4,L,4
116,2024-02-13,Perú,Arequipa,96,2,40,4
117,2024-02-21,Ecuador,Guayaquil,101,2,37,1
118,2024-03-13,Ecuador,Cuenca,102,1,S,2
119,2024-03-18,Ecuador,Quito,103,1,L,4
120,2024-03-16,Perú,Arequipa,104,2,40,3
121,2024-01-27,Colombia,Cali,14,1,L,1
122,2024-01-23,Colombia,Cali,105,1,S,2
123,2024-03-29,Ecuador,Quito,106,1,M,4
124,2024-03-30,Colombia,Bogotá,107,4,M,3
125,2024-03-25,Ecuador,Cuenca,65,4,M,5
126,2024-02-04,Colombia,Bogotá,108,4,L,2
127,2024-03-13,Ecuador,Quito,109,4,M,5
128,2024-03-30,Colombia,Bogotá,110,2,42,3
129,2024-03-17,Colombia,Cali,79,2,40,1
130,2024-01-12,Colombia,Cali,111,3,L,1
131,2024-03-01,Perú,Lima,112,3,M,2
132,2024-02-25,Perú,Arequipa,101,3,M,5
133,2024-02-11,Ecuador,Guayaquil,45,3,L,3
134,2024-02-06,Ecuador,Guayaquil,113,2,42,4
135,2024-02-02,Perú,Lima,88,2,37,3
136,2024-02-29,Ecuador,Guayaquil,114,1,L,5
137,2024-01-07,Ecuador,Quito,115,3,L,4
138,2024-03-30,Colombia,Cali,116,4,M,4
139,2024-02-09,Ecuador,Quito,105,4,L,2
140,2024-01-15,Ecuador,Cuenca,117,2,37,2
141,2024-03-06,Ecuador,Cuenca,46,4,M,3
142,2024-03-11,Colombia,Medellín,118,2,38,4
143,2024-02-23,Colombia,Bogotá,85,4,S,3
144,2024-03-16,Perú,Arequipa,82,1,M,3
145,2024-03-02,Perú,Arequipa,6,4,M,5
146,2024-01-25,Colombia,Cali,80,2,40,3
147,2024-02-10,Perú,Arequipa,119,4,M,1
148,2024-03-04,Perú,Arequipa,120,2,42,2
149,2024-01-13,Ecuador,Cuenca,121,3,M,4
150,2024-01-10,Colombia,Bogotá,106,4,M,2
151,2024-02-12,Colombia,Medellín,122,2,42,1
152,2024-03-20,Colombia,Medellín,8,2,41,1
153,2024-02-25,Ecuador,Cuenca,123,3,M,1
154,2024-01-04,Perú,Lima,124,2,38,3
155,2024-02-25,Colombia,Bogotá,118,3,L,3
156,2024-01-22,Ecuador,Cuenca,125,2,41,2
157,2024-03-04,Ecuador,Cuenca,48,2,41,2
158,2024-02-28,Ecuador,Quito,126,2,42,3
159,2024-01-21,Perú,Lima,66,2,39,5
160,2024-02-28,Colombia,Medellín,98,3,L,3
161,2024-02-18,Ecuador,Guayaquil,30,2,37,2
162,2024-03-25,Colombia,Cali,127,3,L,1
163,2024-02-06,Colombia,Bogotá,111,1,L,4
164,2024-03-20,Perú,Arequipa,128,4,L,2
165,2024-02-09,Perú,Lima,72,1,L,1
166,2024-02-07,Ecuador,Cuenca,129,3,M,1
167,2024-03-10,Perú,Arequipa,130,4,S,2
168,2024-02-07,Perú,Arequipa,131,4,M,4
169,2024-03-27,Ecuador,Guayaquil,132,1,S,2
170,2024-02-03,Perú,Arequipa,19,1,M,1
171,2024-02-18,Ecuador,Guayaquil,133,3,L,5
172,2024-03-20,Ecuador,Cuenca,134,4,M,1
173,2024-03-22,Colombia,Cali,135,4,L,1
174,2024-01-06,Perú,Arequipa,136,2,37,2
175,2024-03-09,Colombia,Medellín,137,1,S,2
176,2024-01-20,Colombia,Medellín,138,3,L,5
177,2024-02-05,Perú,Lima,139,2,41,4
178,2024-01-31,Perú,Arequipa,16,4,M,4
179,2024-02-20,Ecuador,Cuenca,90,3,L,1
180,2024-03-23,Ecuador,Quito,27,2,37,2
181,2024-01-27,Ecuador,Guayaquil,8,4,S,5
182,2024-01-19,Perú,Lima,140,4,S,3
183,2024-01-23,Colombia,Bogotá,141,4,L,3
184,2024-01-31,Perú,Lima,88,4,S,3
185,2024-02-23,Ecuador,Quito,121,3,M,2
186,2024-02-16,Ecuador,Cuenca,142,1,M,4
187,2024-03-19,Perú,Lima,143,2,41,2
188,2024-01-08,Perú,Arequipa,144,2,42,1
189,2024-01-10,Colombia,Medellín,145,1,M,4
190,2024-02-05,Colombia,Cali,75,4,S,2
191,2024-02-07,Perú,Arequipa,107,2,41,5
192,2024-03-24,Perú,Arequipa,105,1,L,1
193,2024-02-22,Perú,Lima,131,2,40,2
194,2024-02-10,Colombia,Medellín,70,2,42,1
195,2024-03-28,Colombia,Cali,119,3,L,2
196,2024-01-13,Ecuador,Quito,133,1,S,4
197,2024-03-12,Ecuador,Cuenca,146,1,L,5
198,2024-01-07,Perú,Lima,109,2,39,4
199,2024-03-05,Perú,Arequipa,14,3,M,5
200,2024-02-14,Ecuador,Cuenca,37,2,38,1
201,2024-03-12,Colombia,Bogotá,12,3,M,4
202,2024-02-04,Ecuador,Cuenca,59,3,M,2
203,2024-03-13,Colombia,Medellín,113,1,S,2
204,2024-01-28,Ecuador,Quito,147,1,S,5
205,2024-02-09,Colombia,Medellín,148,3,M,3
206,2024-03-20,Perú,Lima,76,1,S,2
207,2024-03-03,Perú,Lima,149,3,L,4
208,2024-02-14,Colombia,Medellín,62,4,L,1
209,2024-01-06,Ecuador,Guayaquil,150,2,41,3
210,2024-02-08,Colombia,Cali,14,1,S,2
211,2024-01-01,Ecuador,Guayaquil,151,3,L,1
212,2024-03-09,Perú,Arequipa,111,4,S,4
213,2024-02-25,Perú,Arequipa,78,1,M,1
214,2024-02-21,Colombia,Bogotá,152,3,L,5
215,2024-01-22,Colombia,Bogotá,86,2,37,3
216,2024-02-01,Perú,Arequipa,57,1,M,1
217,2024-02-13,Perú,Arequipa,53,1,M,3
218,2024-03-08,Colombia,Bogotá,56,1,L,1
219,2024-01-14,Ecuador,Guayaquil,118,3,M,2
220,2024-03-24,Colombia,Bogotá,153,4,L,2
221,2024-03-15,Ecuador,Cuenca,154,2,40,5
222,2024-01-09,Perú,Arequipa,106,3,M,4
223,2024-01-08,Colombia,Cali,94,3,L,5
224,2024-01-05,Perú,Lima,38,3,L,4
225,2024-03-19,Colombia,Medellín,43,1,L,1
226,2024-03-24,Colombia,Medellín,155,1,M,5
227,2024-01-08,Colombia,Cali,156,2,41,2
228,2024-01-06,Ecuador,Guayaquil,40,1,L,2
229,2024-03-19,Perú,Arequipa,157,2,41,5
230,2024-02-13,Colombia,Medellín,158,3,L,4
231,2024-03-12,Perú,Arequipa,159,1,M,1
232,2024-03-15,Colombia,Medellín,108,4,M,1
233,2024-03-31,Colombia,Medellín,23,2,38,5
234,2024-01-17,Colombia,Cali,121,2,42,3
235,2024-01-03,Ecuador,Cuenca,16,2,41,3
236,2024-01-25,Colombia,Bogotá,103,4,M,4
237,2024-03-05,Ecuador,Quito,160,1,M,1
238,2024-02-18,Perú,Lima,17,3,M,5
239,2024-01-06,Ecuador,Quito,161,4,L,4
240,2024-02-06,Colombia,Cali,154,4,M,5
241,2024-01-25,Ecuador,Cuenca,162,4,M,4
242,2024-03-05,Perú,Arequipa,163,2,39,4
243,2024-02-02,Colombia,Bogotá,158,4,L,2
244,2024-01-16,Perú,Arequipa,44,3,M,5
245,2024-01-19,Ecuador,Quito,57,3,L,5
246,2024-02-23,Ecuador,Quito,164,2,39,1
247,2024-01-11,Colombia,Cali,165,3,M,4
248,2024-01-19,Ecuador,Quito,166,3,M,3
249,2024-03-31,Ecuador,Guayaquil,106,2,42,2
250,2024-02-02,Colombia,Cali,5,1,S,1
251,2024-01-31,Ecuador,Cuenca,98,2,37,3
252,2024-02-28,Ecuador,Quito,167,4,M,5
253,2024-03-14,Ecuador,Guayaquil,168,1,L,5
254,2024-03-19,Perú,Lima,94,3,L,1
255,2024-03-08,Ecuador,Cuenca,169,2,38,1
256,2024-01-06,Ecuador,Cuenca,170,1,M,4
257,2024-02-14,Colombia,Medellín,168,1,M,1
258,2024-02-15,Perú,Lima,171,3,M,1
259,2024-03-30,Colombia,Cali,144,4,L,4
260,2024-01-05,Perú,Lima,172,4,S,4
261,2024-02-09,Ecuador,Quito,64,4,S,3
262,2024-03-23,Colombia,Cali,173,2,39,1
263,2024-02-04,Colombia,Medellín,7,1,L,3
264,2024-02-19,Colombia,Medellín,131,2,42,4
265,2024-02-04,Ecuador,Guayaquil,174,2,39,5
266,2024-01-24,Perú,Arequipa,171,1,M,5
267,2024-03-25,Colombia,Medellín,175,1,S,3
268,2024-02-14,Colombia,Medellín,176,2,38,4
269,2024-03-22,Ecuador,Cuenca,38,3,L,3
270,2024-03-27,Ecuador,Cuenca,157,2,39,5
271,2024-01-09,Ecuador,Quito,177,2,37,2
272,2024-01-05,Perú,Arequipa,17,3,L,5
273,2024-01-10,Perú,Arequipa,178,3,L,4
274,2024-03-24,Ecuador,Cuenca,4,3,L,3
275,2024-03-04,Ecuador,Quito,112,1,L,2
276,2024-03-31,Colombia,Cali,176,1,M,3
277,2024-01-16,Ecuador,Cuenca,137,3,L,2
278,2024-01-12,Ecuador,Guayaquil,73,4,L,4
279,2024-02-07,Perú,Arequipa,179,1,L,5
280,2024-01-29,Ecuador,Cuenca,180,4,M,5
281,2024-02-16,Ecuador,Quito,99,4,M,1
282,2024-03-19,Perú,Arequipa,181,2,41,2
283,2024-03-08,Ecuador,Guayaquil,161,2,42,4
284,2024-03-23,Colombia,Cali,66,1,S,3
285,2024-03-22,Colombia,Medellín,89,3,M,5
286,2024-01-20,Ecuador,Guayaquil,102,1,S,5
287,2024-03-07,Ecuador,Quito,44,3,M,3
288,2024-02-05,Ecuador,Guayaquil,182,4,L,5
289,2024-03-16,Perú,Arequipa,93,1,L,2
290,2024-01-11,Ecuador,Quito,124,3,M,1
291,2024-03-20,Perú,Arequipa,183,4,L,4
292,2024-02-01,Colombia,Cali,184,3,L,4
293,2024-01-21,Colombia,Medellín,72,1,L,1
294,2024-03-18,Colombia,Medellín,185,2,38,3
295,2024-01-17,Colombia,Cali,10,3,L,4
296,2024-01-16,Perú,Lima,186,3,M,4
297,2024-02-07,Colombia,Bogotá,187,4,S,1
298,2024-03-14,Perú,Arequipa,188,4,S,3
299,2024-03-04,Ecuador,Quito,189,2,41,4
300,2024-02-28,Colombia,Bogotá,168,1,M,5
301,2024-02-06,Ecuador,Cuenca,190,3,M,1
302,2024-02-25,Perú,Arequipa,191,3,M,1
303,2024-01-06,Colombia,Cali,113,3,L,3
304,2024-02-06,Ecuador,Cuenca,66,4,M,5
305,2024-03-20,Colombia,Cali,192,2,41,3
306,2024-03-12,Ecuador,Quito,130,2,39,3
307,2024-01-06,Ecuador,Quito,136,2,41,1
308,2024-02-28,Ecuador,Cuenca,193,3,L,5
309,2024-02-20,Perú,Lima,179,3,L,2
310,2024-02-08,Perú,Arequipa,24,2,42,5
311,2024-03-15,Ecuador,Guayaquil,189,3,M,4
312,2024-03-14,Perú,Lima,194,2,39,5
313,2024-03-21,Perú,Lima,36,2,38,5
314,2024-03-30,Ecuador,Cuenca,141,4,S,5
315,2024-01-20,Ecuador,Quito,114,2,39,4
316,2024-03-01,Perú,Lima,195,2,41,5
317,2024-03-25,Perú,Lima,39,4,L,3
318,2024-03-09,Perú,Arequipa,196,3,M,4
319,2024-02-01,Perú,Arequipa,4,3,L,2
320,2024-03-31,Perú,Arequipa,197,4,M,3
321,2024-03-12,Perú,Arequipa,198,3,L,3
322,2024-01-19,Colombia,Bogotá,199,2,40,3
323,2024-03-24,Ecuador,Guayaquil,81,1,M,4
324,2024-02-04,Perú,Arequipa,134,4,S,5
325,2024-03-16,Perú,Arequipa,80,4,S,5
326,2024-01-07,Ecuador,Quito,9,4,L,2
327,2024-01-01,Colombia,Medellín,34,2,37,2
328,2024-02-06,Ecuador,Guayaquil,200,2,40,2
329,2024-01-30,Colombia,Cali,122,1,S,5
330,2024-01-05,Perú,Lima,132,4,M,2
331,2024-02-08,Colombia,Bogotá,201,3,M,1
332,2024-03-23,Perú,Lima,202,3,L,4
333,2024-02-04,Perú,Arequipa,203,4,L,4
334,2024-03-23,Ecuador,Guayaquil,81,4,L,4
335,2024-02-07,Perú,Lima,201,1,L,3
336,2024-02-24,Perú,Lima,64,4,L,4
337,2024-01-24,Colombia,Bogotá,204,2,42,1
338,2024-02-19,Colombia,Medellín,177,4,S,3
339,2024-03-14,Colombia,Medellín,205,3,L,5
340,2024-03-26,Colombia,Cali,192,3,M,1
341,2024-03-31,Colombia,Medellín,206,4,M,5
342,2024-01-29,Perú,Lima,150,3,L,5
343,2024-02-17,Ecuador,Guayaquil,138,4,M,5
344,2024-01-11,Perú,Arequipa,121,4,S,5
345,2024-01-15,Colombia,Cali,195,3,M,5
346,2024-03-07,Perú,Lima,149,4,S,3
347,2024-03-03,Ecuador,Cuenca,207,4,L,5
348,2024-03-06,Perú,Arequipa,138,1,M,2
349,2024-03-27,Colombia,Cali,189,1,L,4
350,2024-01-28,Perú,Lima,82,2,39,1
351,2024-03-10,Ecuador,Quito,28,2,39,1
352,2024-01-24,Ecuador,Guayaquil,137,1,M,4
353,2024-02-18,Perú,Arequipa,147,3,L,4
354,2024-01-16,Ecuador,Cuenca,208,4,L,3
355,2024-01-01,Perú,Arequipa,209,4,L,2
356,2024-01-30,Colombia,Medellín,40,2,41,4
357,2024-01-15,Colombia,Medellín,139,4,M,2
358,2024-01-09,Perú,Arequipa,9,1,S,2
359,2024-02-01,Perú,Lima,143,2,41,1
360,2024-01-08,Colombia,Medellín,204,4,L,2
361,2024-02-10,Perú,Arequipa,210,4,L,5
362,2024-03-25,Perú,Arequipa,211,4,M,2
363,2024-03-12,Ecuador,Guayaquil,125,3,L,1
364,2024-03-23,Perú,Arequipa,18,2,37,3
365,2024-02-08,Perú,Arequipa,147,2,40,2
366,2024-02-08,Ecuador,Cuenca,185,2,38,2
367,2024-03-08,Colombia,Bogotá,191,2,40,5
368,2024-03-23,Colombia,Bogotá,212,3,M,3
369,2024-01-07,Colombia,Medellín,213,1,L,2
370,2024-03-16,Colombia,Cali,214,1,S,2
371,2024-01-02,Ecuador,Guayaquil,14,4,M,3
372,2024-02-01,Ecuador,Cuenca,115,1,L,4
373,2024-02-29,Colombia,Bogotá,122,3,L,4
374,2024-03-06,Perú,Arequipa,151,3,L,3
375,2024-02-17,Colombia,Bogotá,188,2,39,2
376,2024-01-03,Colombia,Bogotá,215,4,L,2
377,2024-02-12,Perú,Arequipa,111,3,M,2
378,2024-03-24,Colombia,Cali,77,4,M,5
379,2024-02-15,Colombia,Medellín,216,2,40,2
380,2024-03-23,Ecuador,Cuenca,28,2,38,5
381,2024-01-01,Perú,Lima,114,1,L,1
382,2024-01-02,Ecuador,Cuenca,217,4,S,2
383,2024-03-22,Perú,Arequipa,218,3,M,5
384,2024-03-11,Perú,Arequipa,161,1,S,5
385,2024-03-05,Ecuador,Quito,62,3,L,1
386,2024-01-31,Ecuador,Quito,203,1,L,2
387,2024-01-11,Perú,Arequipa,165,3,L,4
388,2024-02-08,Colombia,Medellín,145,4,L,2
389,2024-02-18,Perú,Lima,105,1,M,4
390,2024-01-11,Colombia,Bogotá,219,1,L,2
391,2024-01-06,Colombia,Cali,111,3,M,5
392,2024-01-10,Ecuador,Cuenca,220,2,39,1
393,2024-01-27,Perú,Lima,185,4,M,1
394,2024-03-13,Perú,Arequipa,168,1,M,2
395,2024-03-29,Perú,Arequipa,212,3,L,2
396,2024-01-30,Perú,Arequipa,153,1,S,4
397,2024-03-22,Colombia,Cali,46,2,39,1
398,2024-02-18,Colombia,Medellín,221,4,M,5
399,2024-02-07,Ecuador,Cuenca,40,2,37,5
400,2024-02-18,Perú,Lima,17,1,M,2
401,2024-01-12,Perú,Arequipa,222,3,L,1
402,2024-01-17,Colombia,Medellín,181,3,L,1
403,2024-03-06,Ecuador,Guayaquil,35,2,41,5
404,2024-01-12,Ecuador,Quito,148,1,M,5
405,2024-01-11,Colombia,Bogotá,214,3,L,4
406,2024-01-22,Ecuador,Cuenca,204,4,L,4
407,2024-01-09,Colombia,Medellín,223,3,L,2
408,2024-01-10,Colombia,Medellín,169,2,39,4
409,2024-01-26,Colombia,Bogotá,224,2,41,5
410,2024-02-12,Ecuador,Quito,36,3,M,4
411,2024-01-18,Colombia,Medellín,179,3,L,5
412,2024-01-23,Colombia,Cali,132,4,M,3
413,2024-02-11,Colombia,Medellín,147,2,41,2
414,2024-01-26,Colombia,Medellín,171,3,M,5
415,2024-03-31,Ecuador,Cuenca,225,1,L,4
416,2024-01-18,Colombia,Medellín,102,1,M,4
417,2024-02-18,Ecuador,Guayaquil,66,4,L,4
418,2024-03-09,Colombia,Cali,43,2,41,4
419,2024-03-17,Perú,Arequipa,23,1,M,5
420,2024-01-06,Ecuador,Quito,226,3,M,5
421,2024-01-02,Perú,Arequipa,123,3,L,1
422,2024-02-20,Colombia,Bogotá,135,4,M,3
423,2024-01-14,Perú,Lima,175,3,M,4
424,2024-02-14,Colombia,Bogotá,206,1,L,2
425,2024-02-14,Colombia,Medellín,24,4,L,4
426,2024-02-08,Ecuador,Guayaquil,143,2,39,1
427,2024-03-27,Perú,Lima,227,1,M,1
428,2024-02-12,Perú,Lima,214,4,L,2
429,2024-01-24,Colombia,Medellín,221,4,M,2
430,2024-02-24,Colombia,Bogotá,228,4,M,5
431,2024-03-31,Ecuador,Cuenca,167,4,S,3
432,2024-01-26,Perú,Lima,224,4,M,3
433,2024-03-17,Ecuador,Guayaquil,170,2,41,3
434,2024-02-28,Perú,Arequipa,229,1,M,3
435,2024-02-10,Perú,Arequipa,192,1,L,2
436,2024-03-29,Ecuador,Guayaquil,108,1,S,3
437,2024-03-14,Perú,Arequipa,187,2,41,2
438,2024-03-29,Colombia,Bogotá,229,2,42,5
439,2024-01-24,Perú,Lima,13,2,39,2
440,2024-03-03,Colombia,Cali,137,1,M,1
441,2024-02-23,Ecuador,Guayaquil,230,2,40,4
442,2024-01-29,Colombia,Bogotá,231,1,L,1
443,2024-01-22,Ecuador,Guayaquil,224,4,L,3
444,2024-02-04,Perú,Arequipa,202,1,L,1
445,2024-03-10,Colombia,Cali,217,1,L,4
446,2024-02-27,Colombia,Bogotá,47,4,M,1
447,2024-01-27,Colombia,Bogotá,232,2,37,2
448,2024-01-27,Perú,Arequipa,233,4,L,2
449,2024-03-09,Ecuador,Cuenca,216,3,L,5
450,2024-02-04,Colombia,Cali,64,3,L,5
451,2024-02-05,Perú,Lima,182,4,M,1
452,2024-02-01,Perú,Lima,234,4,S,3
453,2024-02-27,Colombia,Bogotá,153,3,L,4
454,2024-03-29,Perú,Lima,162,2,41,3
455,2024-02-28,Colombia,Medellín,235,3,M,1
456,2024-01-28,Ecuador,Cuenca,190,2,38,4
457,2024-03-14,Colombia,Medellín,236,3,L,5
458,2024-01-13,Perú,Arequipa,86,3,M,1
459,2024-01-01,Ecuador,Quito,104,4,M,4
460,2024-01-21,Ecuador,Cuenca,198,4,L,3
461,2024-02-17,Ecuador,Cuenca,227,3,L,1
462,2024-03-24,Ecuador,Guayaquil,207,3,M,4
463,2024-01-10,Perú,Lima,237,1,S,4
464,2024-03-30,Perú,Lima,196,2,37,1
465,2024-01-30,Ecuador,Guayaquil,187,4,M,1
466,2024-02-17,Ecuador,Cuenca,179,1,S,3
467,2024-01-09,Ecuador,Guayaquil,22,4,L,2
468,2024-01-28,Perú,Lima,238,4,M,3
469,2024-01-13,Colombia,Cali,204,2,38,1
470,2024-02-10,Ecuador,Cuenca,204,2,39,4
471,2024-03-17,Ecuador,Guayaquil,44,1,S,5
472,2024-03-18,Perú,Lima,239,3,M,5
473,2024-01-31,Ecuador,Cuenca,190,2,39,1
474,2024-01-10,Colombia,Bogotá,163,4,M,5
475,2024-03-13,Ecuador,Guayaquil,240,3,M,4
476,2024-01-03,Colombia,Cali,241,4,M,1
477,2024-02-20,Ecuador,Guayaquil,43,4,S,1
478,2024-01-11,Colombia,Cali,19,2,40,4
479,2024-01-11,Perú,Lima,56,3,M,3
480,2024-03-22,Ecuador,Quito,242,3,L,5
481,2024-01-08,Colombia,Cali,243,2,42,2
482,2024-03-18,Ecuador,Guayaquil,244,1,M,5
483,2024-03-31,Colombia,Cali,166,4,S,1
484,2024-03-07,Perú,Lima,26,4,M,3
485,2024-02-04,Perú,Arequipa,192,4,M,2
486,2024-01-09,Ecuador,Guayaquil,47,2,39,5
487,2024-02-16,Perú,Lima,244,2,40,5
488,2024-02-02,Colombia,Cali,50,4,M,2
489,2024-01-01,Perú,Lima,143,4,L,5
490,2024-02-19,Ecuador,Quito,193,1,M,3
491,2024-02-01,Ecuador,Quito,152,2,38,3
492,2024-02-17,Perú,Arequipa,95,3,M,5
493,2024-01-06,Perú,Lima,113,4,S,5
494,2024-01-12,Ecuador,Guayaquil,99,3,L,3
495,2024-03-13,Colombia,Bogotá,102,3,M,3
496,2024-03-04,Perú,Lima,245,2,39,5
497,2024-01-04,Perú,Lima,246,4,S,4
498,2024-03-25,Perú,Arequipa,147,1,M,1
499,2024-01-31,Perú,Arequipa,247,1,S,5
500,2024-01-12,Colombia,Bogotá,143,4,L,3
501,2024-02-28,Ecuador,Cuenca,23,2,42,3
502,2024-01-10,Perú,Lima,201,4,L,4
503,2024-02-03,Ecuador,Guayaquil,13,4,S,3
504,2024-02-04,Colombia,Cali,246,3,L,4
505,2024-01-20,Ecuador,Quito,248,4,L,1
506,2024-01-16,Ecuador,Guayaquil,19,2,39,4
507,2024-02-03,Colombia,Bogotá,95,2,39,4
508,2024-02-11,Ecuador,Quito,249,3,M,2
509,2024-03-06,Ecuador,Cuenca,76,4,M,4
510,2024-02-21,Perú,Arequipa,250,3,M,1
511,2024-01-18,Perú,Lima,180,1,M,1
512,2024-02-21,Ecuador,Quito,133,4,S,2
513,2024-01-09,Perú,Lima,65,3,M,1
514,2024-01-16,Perú,Arequipa,251,4,S,3
515,2024-02-20,Colombia,Bogotá,151,4,L,4
516,2024-01-28,Ecuador,Guayaquil,252,2,38,3
517,2024-03-19,Colombia,Medellín,243,2,38,1
518,2024-03-02,Perú,Arequipa,195,2,40,5
519,2024-01-26,Ecuador,Guayaquil,121,2,38,4
520,2024-03-02,Ecuador,Cuenca,202,1,M,3
521,2024-01-24,Colombia,Medellín,3,3,L,3
522,2024-01-08,Colombia,Cali,253,4,S,3
523,2024-02-01,Perú,Arequipa,168,4,S,1
524,2024-02-19,Colombia,Cali,254,1,S,5
525,2024-03-30,Ecuador,Quito,235,4,L,3
526,2024-01-25,Perú,Lima,255,3,M,5
527,2024-01-12,Perú,Arequipa,244,4,M,1
528,2024-03-02,Ecuador,Cuenca,256,4,S,5
529,2024-01-23,Colombia,Cali,88,4,S,3
530,2024-01-15,Ecuador,Quito,121,4,L,2
531,2024-01-13,Colombia,Bogotá,77,3,L,5
532,2024-03-22,Colombia,Medellín,257,4,S,4
533,2024-03-29,Perú,Arequipa,258,4,L,5
534,2024-03-29,Ecuador,Cuenca,172,4,M,3
535,2024-02-20,Ecuador,Quito,201,1,L,5
536,2024-01-14,Ecuador,Quito,151,3,M,5
537,2024-02-10,Ecuador,Guayaquil,223,1,S,3
538,2024-02-03,Perú,Lima,225,3,L,1
539,2024-01-14,Ecuador,Cuenca,256,1,M,3
540,2024-01-22,Ecuador,Guayaquil,114,2,42,4
541,2024-03-02,Colombia,Medellín,210,3,L,1
542,2024-01-05,Perú,Lima,172,4,M,1
543,2024-02-13,Ecuador,Guayaquil,11,3,M,1
544,2024-02-13,Colombia,Bogotá,218,1,L,1
545,2024-03-18,Perú,Lima,259,2,42,2
546,2024-01-25,Ecuador,Quito,260,1,M,2
547,2024-01-13,Perú,Arequipa,76,3,L,2
548,2024-02-16,Colombia,Cali,140,2,38,1
549,2024-01-13,Colombia,Bogotá,3,3,L,2
550,2024-01-15,Ecuador,Quito,189,3,M,4
551,2024-01-12,Colombia,Medellín,202,2,42,3
552,2024-01-24,Colombia,Bogotá,176,3,L,3
553,2024-01-29,Ecuador,Guayaquil,213,2,40,3
554,2024-01-11,Perú,Lima,6,4,L,1
555,2024-02-19,Perú,Arequipa,41,4,L,1
556,2024-03-01,Colombia,Cali,179,2,41,2
557,2024-03-07,Ecuador,Guayaquil,30,1,L,5
558,2024-01-22,Perú,Lima,14,1,M,2
559,2024-03-28,Ecuador,Quito,259,1,M,1
560,2024-02-10,Ecuador,Cuenca,241,4,L,3
561,2024-02-05,Ecuador,Guayaquil,211,2,41,3
562,2024-01-20,Colombia,Bogotá,249,2,37,4
563,2024-02-06,Perú,Lima,19,1,L,1
564,2024-03-14,Colombia,Medellín,119,3,L,4
565,2024-03-20,Ecuador,Quito,113,3,L,2
566,2024-03-01,Ecuador,Guayaquil,213,3,M,1
567,2024-02-05,Colombia,Bogotá,101,3,L,3
568,2024-02-26,Perú,Lima,200,4,S,3
569,2024-01-25,Colombia,Cali,149,2,41,1
570,2024-01-08,Ecuador,Guayaquil,64,2,41,3
571,2024-03-08,Ecuador,Quito,61,3,L,2
572,2024-02-01,Ecuador,Quito,139,4,S,1
573,2024-02-17,Colombia,Bogotá,135,3,M,3
574,2024-01-31,Perú,Arequipa,133,1,L,1
575,2024-03-16,Colombia,Cali,105,2,38,4
576,2024-02-06,Colombia,Medellín,55,4,M,1
577,2024-01-29,Colombia,Bogotá,103,4,L,2
578,2024-01-03,Perú,Lima,42,3,L,5
579,2024-01-29,Colombia,Bogotá,261,4,L,1
580,2024-02-14,Perú,Arequipa,86,3,L,4
581,2024-03-20,Colombia,Bogotá,132,2,39,5
582,2024-03-12,Perú,Lima,97,1,L,3
583,2024-02-13,Colombia,Cali,90,1,M,1
584,2024-01-25,Perú,Arequipa,193,3,L,3
585,2024-03-25,Perú,Lima,73,1,L,4
586,2024-02-07,Perú,Lima,71,1,L,4
587,2024-03-15,Colombia,Medellín,30,2,42,1
588,2024-03-22,Ecuador,Guayaquil,24,4,L,5
589,2024-01-24,Perú,Arequipa,172,3,M,5
590,2024-03-12,Ecuador,Guayaquil,89,4,L,3
591,2024-01-29,Perú,Arequipa,189,1,S,3
592,2024-02-07,Colombia,Medellín,135,3,L,5
593,2024-03-15,Ecuador,Guayaquil,262,1,L,5
594,2024-03-08,Colombia,Bogotá,21,1,L,4
595,2024-02-13,Colombia,Bogotá,260,4,S,2
596,2024-01-11,Perú,Arequipa,257,4,M,2
597,2024-01-01,Colombia,Cali,250,4,M,1
598,2024-03-03,Colombia,Bogotá,263,4,L,2
599,2024-02-21,Ecuador,Cuenca,104,2,42,4
600,2024-01-26,Colombia,Medellín,165,1,S,5
601,2024-03-21,Ecuador,Guayaquil,52,4,S,1
602,2024-01-14,Ecuador,Cuenca,187,3,L,2
603,2024-02-08,Perú,Arequipa,199,4,S,1
604,2024-02-13,Colombia,Cali,91,3,L,2
605,2024-01-30,Colombia,Bogotá,1,4,M,1
606,2024-03-16,Perú,Lima,264,4,L,1
607,2024-03-22,Ecuador,Quito,126,3,M,4
608,2024-03-24,Perú,Lima,27,1,L,1
609,2024-02-18,Ecuador,Cuenca,7,1,M,4
610,2024-01-27,Perú,Arequipa,42,2,42,2
611,2024-02-04,Colombia,Medellín,166,1,L,5
612,2024-01-14,Colombia,Bogotá,151,1,M,1
613,2024-01-26,Ecuador,Cuenca,235,4,M,5
614,2024-03-11,Perú,Arequipa,151,3,M,1
615,2024-01-01,Ecuador,Cuenca,100,2,39,2
616,2024-01-20,Perú,Lima,207,1,L,4
617,2024-02-28,Perú,Lima,175,1,M,2
618,2024-01-06,Colombia,Medellín,199,1,S,2
619,2024-01-13,Colombia,Cali,124,3,L,1
620,2024-02-26,Ecuador,Quito,213,4,M,3
621,2024-01-15,Perú,Lima,113,3,L,2
622,2024-02-23,Colombia,Medellín,223,3,L,4
623,2024-02-23,Ecuador,Quito,218,1,S,1
624,2024-02-15,Perú,Arequipa,55,4,L,4
625,2024-02-22,Perú,Lima,72,2,40,1
626,2024-03-31,Ecuador,Quito,265,3,L,1
627,2024-03-25,Perú,Lima,52,3,M,4
628,2024-03-19,Colombia,Medellín,164,2,38,5
629,2024-03-04,Ecuador,Cuenca,227,4,L,4
630,2024-02-05,Ecuador,Guayaquil,76,3,M,3
631,2024-01-11,Perú,Lima,86,2,40,2
632,2024-02-27,Colombia,Cali,13,2,37,4
633,2024-02-22,Ecuador,Guayaquil,120,1,S,4
634,2024-03-22,Perú,Lima,102,1,L,5
635,2024-01-07,Perú,Lima,1,2,39,3
636,2024-02-27,Colombia,Medellín,266,2,42,3
637,2024-02-15,Ecuador,Cuenca,231,4,S,3
638,2024-03-04,Perú,Arequipa,204,1,S,2
639,2024-01-26,Perú,Arequipa,155,1,M,5
640,2024-02-13,Ecuador,Guayaquil,33,4,M,2
641,2024-03-25,Colombia,Bogotá,264,1,M,4
642,2024-03-11,Ecuador,Guayaquil,221,1,L,1
643,2024-01-23,Perú,Arequipa,60,4,L,5
644,2024-03-18,Ecuador,Guayaquil,52,3,L,4
645,2024-01-18,Colombia,Medellín,166,3,L,4
646,2024-03-21,Colombia,Cali,217,3,L,5
647,2024-03-31,Ecuador,Quito,208,3,L,2
648,2024-03-02,Perú,Arequipa,48,1,M,5
649,2024-03-07,Perú,Arequipa,248,3,L,1
650,2024-01-26,Ecuador,Guayaquil,186,4,S,1
651,2024-03-29,Ecuador,Guayaquil,175,3,M,1
652,2024-01-14,Ecuador,Cuenca,134,1,M,4
653,2024-03-30,Ecuador,Cuenca,109,2,38,5
654,2024-03-28,Perú,Lima,188,2,40,4
655,2024-01-26,Perú,Lima,149,1,L,3
656,2024-02-07,Ecuador,Cuenca,154,3,M,2
657,2024-03-06,Ecuador,Cuenca,95,1,S,2
658,2024-02-03,Colombia,Bogotá,236,2,39,5
659,2024-02-29,Ecuador,Cuenca,267,3,M,3
660,2024-03-25,Ecuador,Quito,98,3,M,5
661,2024-03-08,Colombia,Cali,150,3,M,3
662,2024-02-23,Ecuador,Cuenca,202,1,L,2
663,2024-01-28,Perú,Arequipa,58,1,M,2
664,2024-03-08,Colombia,Medellín,24,3,M,5
665,2024-02-27,Perú,Lima,168,1,L,3
666,2024-02-18,Perú,Lima,266,1,L,3
667,2024-02-17,Colombia,Medellín,64,3,M,5
668,2024-03-24,Perú,Arequipa,203,2,37,3
669,2024-03-09,Colombia,Cali,122,1,S,2
670,2024-03-28,Ecuador,Cuenca,268,1,S,2
671,2024-03-28,Ecuador,Quito,17,2,42,1
672,2024-01-10,Ecuador,Guayaquil,164,3,M,1
673,2024-02-03,Ecuador,Guayaquil,35,1,L,2
674,2024-01-03,Colombia,Medellín,228,2,40,3
675,2024-01-09,Perú,Lima,75,1,L,5
676,2024-01-14,Ecuador,Cuenca,199,1,M,5
677,2024-02-18,Perú,Arequipa,127,1,M,4
678,2024-01-29,Perú,Lima,137,2,38,5
679,2024-03-27,Perú,Arequipa,165,3,M,3
680,2024-01-01,Ecuador,Cuenca,178,4,S,1
681,2024-02-14,Perú,Arequipa,14,1,M,2
682,2024-01-29,Colombia,Cali,261,4,S,2
683,2024-01-07,Ecuador,Quito,34,4,L,5
684,2024-02-02,Colombia,Cali,123,1,M,1
685,2024-01-17,Ecuador,Cuenca,177,2,39,3
686,2024-03-03,Ecuador,Guayaquil,156,1,S,3
687,2024-03-13,Colombia,Cali,49,3,M,5
688,2024-02-01,Colombia,Medellín,53,4,S,3
689,2024-03-27,Perú,Arequipa,58,3,L,2
690,2024-03-03,Colombia,Medellín,105,2,39,3
691,2024-03-09,Ecuador,Quito,245,1,M,2
692,2024-01-03,Colombia,Cali,43,1,L,1
693,2024-01-05,Perú,Lima,105,2,41,2
694,2024-02-16,Colombia,Cali,269,2,42,2
695,2024-03-05,Ecuador,Cuenca,56,3,M,4
696,2024-03-19,Ecuador,Guayaquil,227,3,M,2
697,2024-03-13,Perú,Lima,270,2,38,2
698,2024-01-29,Perú,Lima,257,2,39,1
699,2024-01-06,Ecuador,Quito,233,3,L,2
700,2024-01-06,Perú,Arequipa,79,2,40,4
701,2024-03-22,Perú,Arequipa,198,1,L,5
702,2024-02-16,Perú,Arequipa,271,4,M,4
703,2024-02-21,Perú,Arequipa,94,2,38,5
704,2024-03-05,Colombia,Medellín,204,2,41,1
705,2024-03-23,Colombia,Bogotá,220,4,S,5
706,2024-03-18,Ecuador,Quito,192,4,S,3
707,2024-03-02,Perú,Lima,144,2,39,1
708,2024-01-03,Colombia,Bogotá,83,4,L,4
709,2024-01-06,Ecuador,Quito,178,4,S,5
710,2024-03-07,Ecuador,Quito,184,4,M,2
711,2024-02-27,Perú,Lima,253,3,M,2
712,2024-01-19,Colombia,Bogotá,48,4,M,5
713,2024-02-28,Ecuador,Cuenca,8,3,M,3
714,2024-01-03,Ecuador,Guayaquil,272,2,38,1
715,2024-01-23,Perú,Arequipa,24,4,L,1
716,2024-03-25,Perú,Lima,236,1,S,4
717,2024-02-17,Perú,Lima,143,2,41,4
718,2024-02-14,Perú,Arequipa,273,4,M,4
719,2024-01-30,Ecuador,Guayaquil,174,4,M,4
720,2024-01-01,Colombia,Cali,274,2,39,2
721,2024-03-29,Perú,Lima,13,1,M,2
722,2024-03-24,Colombia,Medellín,75,1,S,4
723,2024-03-19,Colombia,Medellín,90,2,41,3
724,2024-03-12,Perú,Arequipa,218,4,M,5
725,2024-03-14,Ecuador,Guayaquil,6,2,39,3
726,2024-01-30,Perú,Arequipa,176,4,L,1
727,2024-02-21,Perú,Lima,131,1,S,5
728,2024-01-12,Perú,Lima,118,4,M,1
729,2024-02-03,Colombia,Cali,53,2,37,1
730,2024-02-21,Colombia,Bogotá,211,1,L,4
731,2024-02-26,Colombia,Cali,205,1,S,4
732,2024-03-17,Ecuador,Cuenca,56,3,M,1
733,2024-02-16,Perú,Lima,80,4,L,1
734,2024-02-21,Perú,Lima,94,4,S,3
735,2024-03-07,Perú,Arequipa,275,2,41,2
736,2024-03-12,Perú,Lima,48,1,L,3
737,2024-01-25,Colombia,Medellín,107,3,M,5
738,2024-02-22,Colombia,Cali,43,1,M,2
739,2024-02-13,Ecuador,Cuenca,276,1,L,3
740,2024-03-13,Perú,Arequipa,218,3,L,4
741,2024-03-16,Ecuador,Guayaquil,55,2,42,4
742,2024-03-22,Colombia,Bogotá,150,3,M,4
743,2024-03-07,Perú,Lima,19,3,L,3
744,2024-01-12,Ecuador,Cuenca,67,3,M,3
745,2024-03-01,Perú,Arequipa,188,1,L,2
746,2024-03-04,Colombia,Bogotá,25,3,M,2
747,2024-01-30,Ecuador,Cuenca,272,4,M,2
748,2024-01-16,Ecuador,Cuenca,212,3,M,1
749,2024-03-02,Perú,Arequipa,133,1,L,1
750,2024-03-03,Perú,Arequipa,89,2,41,3
751,2024-01-17,Perú,Arequipa,164,2,38,5
752,2024-03-05,Perú,Arequipa,84,2,41,1
753,2024-03-30,Colombia,Cali,112,4,M,1
754,2024-02-18,Colombia,Medellín,93,1,S,2
755,2024-03-11,Ecuador,Guayaquil,47,3,L,2
756,2024-02-16,Ecuador,Guayaquil,96,2,41,3
757,2024-02-16,Colombia,Medellín,113,4,M,3
758,2024-03-14,Colombia,Medellín,111,4,L,2
759,2024-02-25,Ecuador,Cuenca,18,3,M,5
760,2024-01-23,Ecuador,Quito,240,4,M,1
761,2024-02-02,Colombia,Bogotá,134,3,L,3
762,2024-01-08,Perú,Lima,5,2,37,2
763,2024-02-03,Colombia,Medellín,169,1,M,3
764,2024-02-22,Colombia,Cali,180,3,L,1
765,2024-03-24,Colombia,Cali,277,4,L,5
766,2024-03-03,Ecuador,Guayaquil,176,3,L,5
767,2024-01-22,Ecuador,Guayaquil,77,3,L,2
768,2024-01-21,Colombia,Cali,196,2,37,1
769,2024-03-18,Ecuador,Guayaquil,127,3,L,3
770,2024-01-22,Colombia,Medellín,96,3,L,4
771,2024-03-30,Ecuador,Quito,212,4,L,3
772,2024-01-09,Ecuador,Quito,119,2,37,1
773,2024-01-11,Perú,Lima,45,1,M,5
774,2024-02-09,Colombia,Cali,111,4,S,4
775,2024-01-17,Ecuador,Cuenca,121,3,L,2
776,2024-02-11,Ecuador,Quito,24,1,L,3
777,2024-03-30,Colombia,Cali,160,3,L,2
778,2024-02-25,Ecuador,Cuenca,265,2,42,5
779,2024-01-30,Perú,Arequipa,263,3,L,5
780,2024-01-20,Colombia,Medellín,102,3,L,3
781,2024-03-01,Ecuador,Quito,122,4,M,3
782,2024-01-02,Ecuador,Cuenca,62,2,40,3
783,2024-02-17,Colombia,Cali,155,4,S,5
784,2024-01-21,Colombia,Cali,228,2,40,2
785,2024-03-21,Colombia,Bogotá,80,3,M,4
786,2024-01-25,Perú,Arequipa,8,3,L,4
787,2024-03-20,Ecuador,Quito,250,3,M,4
788,2024-01-03,Colombia,Cali,238,2,38,3
789,2024-02-06,Ecuador,Cuenca,213,1,S,1
790,2024-01-30,Ecuador,Cuenca,207,2,42,1
791,2024-02-23,Ecuador,Quito,206,2,38,3
792,2024-02-12,Colombia,Medellín,145,2,42,1
793,2024-03-10,Ecuador,Quito,106,3,L,1
794,2024-01-16,Ecuador,Quito,52,3,L,1
795,2024-01-26,Colombia,Medellín,86,4,L,1
796,2024-03-28,Perú,Lima,206,4,M,4
797,2024-03-07,Colombia,Bogotá,180,1,L,5
798,2024-01-07,Colombia,Medellín,217,3,M,3
799,2024-01-22,Ecuador,Quito,90,2,39,1
800,2024-01-06,Perú,Lima,93,2,38,1
801,2024-02-01,Perú,Arequipa,20,4,M,1
802,2024-02-15,Colombia,Bogotá,17,3,M,1
803,2024-02-10,Perú,Lima,12,4,M,2
804,2024-01-03,Perú,Arequipa,278,2,42,2
805,2024-03-03,Colombia,Cali,279,4,M,1
806,2024-01-24,Perú,Arequipa,202,2,38,5
807,2024-03-11,Colombia,Medellín,280,2,39,5
808,2024-02-03,Ecuador,Cuenca,74,4,M,3
809,2024-02-18,Colombia,Medellín,96,1,L,5
810,2024-01-09,Ecuador,Cuenca,277,3,M,3
811,2024-03-19,Colombia,Bogotá,97,2,41,2
812,2024-03-07,Colombia,Medellín,241,3,M,1
813,2024-01-14,Ecuador,Quito,116,4,S,2
814,2024-03-25,Ecuador,Quito,91,1,L,4
815,2024-03-18,Perú,Arequipa,262,1,M,2
816,2024-03-22,Ecuador,Quito,195,2,37,4
817,2024-03-19,Colombia,Cali,186,2,39,1
818,2024-01-28,Perú,Lima,112,1,M,1
819,2024-01-25,Ecuador,Quito,203,4,L,4
820,2024-02-23,Perú,Lima,248,4,L,5
821,2024-01-14,Perú,Arequipa,223,2,42,4
822,2024-03-25,Ecuador,Cuenca,20,2,41,3
823,2024-02-11,Perú,Arequipa,133,3,L,5
824,2024-03-18,Colombia,Cali,168,2,42,3
825,2024-02-16,Perú,Lima,250,2,41,3
826,2024-02-06,Colombia,Medellín,92,1,L,1
827,2024-01-29,Perú,Lima,63,3,M,3
828,2024-01-05,Colombia,Bogotá,86,3,M,1
829,2024-03-15,Colombia,Bogotá,52,4,M,3
830,2024-02-21,Ecuador,Guayaquil,61,3,M,5
831,2024-03-02,Ecuador,Cuenca,229,1,L,3
832,2024-01-05,Colombia,Cali,210,1,L,3
833,2024-02-25,Colombia,Bogotá,152,1,M,3
834,2024-01-07,Ecuador,Quito,281,1,L,4
835,2024-03-05,Perú,Lima,53,3,M,3
836,2024-03-14,Ecuador,Quito,264,2,40,5
837,2024-01-19,Ecuador,Quito,237,2,39,4
838,2024-03-11,Colombia,Bogotá,67,2,41,1
839,2024-03-30,Colombia,Bogotá,236,2,41,4
840,2024-03-24,Ecuador,Guayaquil,30,4,M,4
841,2024-02-04,Ecuador,Cuenca,62,4,S,1
842,2024-02-24,Colombia,Cali,130,1,S,4
843,2024-03-24,Colombia,Bogotá,54,3,L,5
844,2024-01-19,Colombia,Bogotá,72,3,L,5
845,2024-01-20,Ecuador,Quito,23,4,L,3
846,2024-01-19,Ecuador,Cuenca,109,1,S,5
847,2024-03-01,Ecuador,Guayaquil,209,1,M,4
848,2024-03-07,Colombia,Bogotá,71,4,S,5
849,2024-02-18,Perú,Arequipa,48,4,L,1
850,2024-02-06,Perú,Lima,25,3,M,1
851,2024-01-09,Perú,Arequipa,170,1,M,1
852,2024-02-07,Perú,Arequipa,159,3,M,1
853,2024-03-17,Ecuador,Guayaquil,282,1,M,4
854,2024-03-12,Ecuador,Quito,209,4,L,4
855,2024-02-20,Ecuador,Quito,20,3,L,4
856,2024-01-31,Ecuador,Guayaquil,283,3,L,3
857,2024-03-12,Colombia,Bogotá,220,3,L,1
858,2024-01-12,Ecuador,Quito,18,3,L,2
859,2024-01-20,Perú,Lima,70,2,38,5
860,2024-01-17,Colombia,Cali,233,3,L,5
861,2024-03-29,Perú,Lima,265,4,S,3
862,2024-01-21,Ecuador,Guayaquil,284,4,L,5
863,2024-01-19,Ecuador,Cuenca,183,1,S,3
864,2024-03-22,Colombia,Medellín,198,2,39,4
865,2024-01-04,Ecuador,Quito,186,1,S,2
866,2024-02-15,Perú,Lima,212,4,S,1
867,2024-03-01,Perú,Arequipa,165,4,L,5
868,2024-01-21,Ecuador,Guayaquil,203,2,40,2
869,2024-02-22,Ecuador,Quito,53,2,37,3
870,2024-02-26,Perú,Lima,91,4,S,2
871,2024-02-21,Perú,Arequipa,251,2,38,4
872,2024-03-14,Perú,Arequipa,19,3,L,5
873,2024-01-06,Perú,Lima,243,1,M,4
874,2024-03-07,Perú,Arequipa,76,1,L,4
875,2024-02-06,Ecuador,Guayaquil,117,2,40,3
876,2024-01-19,Ecuador,Guayaquil,135,3,M,5
877,2024-01-15,Perú,Arequipa,285,1,L,5
878,2024-02-27,Perú,Lima,54,2,40,3
879,2024-02-02,Ecuador,Guayaquil,88,4,M,1
880,2024-03-31,Perú,Lima,156,1,S,1
881,2024-03-06,Perú,Arequipa,157,1,L,4
882,2024-02-12,Colombia,Cali,270,2,37,2
883,2024-01-07,Perú,Lima,247,4,S,2
884,2024-01-16,Colombia,Medellín,237,2,39,2
885,2024-03-04,Ecuador,Quito,219,3,M,4
886,2024-03-16,Perú,Lima,24,2,38,2
887,2024-03-17,Colombia,Medellín,274,2,37,5
888,2024-01-24,Ecuador,Cuenca,249,3,M,1
889,2024-01-05,Ecuador,Cuenca,210,3,M,2
890,2024-01-14,Perú,Arequipa,152,3,M,1
891,2024-03-15,Ecuador,Quito,169,3,M,4
892,2024-02-18,Ecuador,Quito,241,3,L,3
893,2024-01-18,Colombia,Cali,180,1,M,4
894,2024-01-27,Perú,Arequipa,225,3,L,5
895,2024-01-12,Perú,Lima,218,1,L,5
896,2024-02-03,Perú,Arequipa,121,2,41,3
897,2024-03-04,Perú,Arequipa,211,4,L,5
898,2024-01-30,Perú,Arequipa,199,2,38,5
899,2024-03-21,Ecuador,Quito,192,1,S,4
900,2024-02-12,Perú,Lima,232,2,40,1
901,2024-03-29,Perú,Lima,97,1,L,2
902,2024-03-11,Colombia,Bogotá,88,3,L,5
903,2024-03-13,Ecuador,Quito,55,3,L,4
904,2024-03-01,Ecuador,Quito,120,3,L,4
905,2024-03-09,Perú,Lima,286,2,38,4
906,2024-03-13,Colombia,Medellín,13,1,L,3
907,2024-02-15,Perú,Lima,242,4,L,3
908,2024-03-21,Ecuador,Guayaquil,122,1,M,4
909,2024-01-15,Ecuador,Cuenca,189,2,38,5
910,2024-01-12,Perú,Arequipa,151,1,M,4
911,2024-03-08,Ecuador,Guayaquil,98,2,39,2
912,2024-01-12,Ecuador,Quito,230,3,M,2
913,2024-01-25,Perú,Lima,85,2,41,2
914,2024-01-13,Colombia,Cali,26,3,L,2
915,2024-02-28,Perú,Lima,170,4,L,1
916,2024-03-28,Perú,Lima,181,1,M,1
917,2024-03-25,Colombia,Medellín,206,1,S,5
918,2024-01-26,Ecuador,Cuenca,203,3,M,3
919,2024-02-04,Colombia,Medellín,193,3,L,1
920,2024-03-12,Ecuador,Guayaquil,64,1,S,5
921,2024-01-19,Ecuador,Quito,44,3,L,3
922,2024-03-19,Perú,Lima,131,4,S,3
923,2024-03-01,Perú,Arequipa,76,1,S,1
924,2024-02-20,Ecuador,Guayaquil,208,1,S,4
925,2024-01-26,Perú,Arequipa,122,3,L,3
926,2024-01-13,Ecuador,Guayaquil,69,4,S,4
927,2024-01-29,Colombia,Cali,185,2,40,2
928,2024-03-30,Perú,Arequipa,58,3,L,2
929,2024-03-01,Colombia,Medellín,287,2,37,1
930,2024-02-14,Colombia,Medellín,273,2,38,3
931,2024-02-11,Ecuador,Cuenca,37,1,M,1
932,2024-03-16,Perú,Lima,114,3,L,4
933,2024-03-02,Ecuador,Cuenca,187,4,L,2
934,2024-02-25,Ecuador,Guayaquil,259,4,L,5
935,2024-03-14,Perú,Arequipa,257,4,S,1
936,2024-01-13,Ecuador,Cuenca,230,2,39,5
937,2024-01-14,Ecuador,Guayaquil,36,2,37,5
938,2024-01-18,Colombia,Medellín,93,1,S,2
939,2024-02-27,Perú,Lima,282,4,L,2
940,2024-03-28,Colombia,Medellín,284,2,38,2
941,2024-01-12,Colombia,Cali,48,3,L,3
942,2024-01-08,Ecuador,Cuenca,10,2,38,3
943,2024-02-15,Perú,Lima,141,1,L,5
944,2024-02-20,Colombia,Bogotá,284,4,M,5
945,2024-03-10,Perú,Arequipa,14,2,40,4
946,2024-03-12,Perú,Lima,187,2,38,2
947,2024-01-18,Colombia,Medellín,205,4,M,2
948,2024-03-25,Ecuador,Cuenca,57,1,S,4
949,2024-02-28,Ecuador,Quito,268,4,L,4
950,2024-03-11,Perú,Lima,156,2,41,4
951,2024-03-18,Colombia,Medellín,274,4,S,4
952,2024-02-04,Perú,Arequipa,161,4,L,5
953,2024-03-02,Perú,Arequipa,162,1,S,5
954,2024-01-19,Ecuador,Cuenca,121,2,42,1
955,2024-01-12,Colombia,Medellín,243,1,L,5
956,2024-03-15,Colombia,Cali,206,1,L,5
957,2024-02-28,Perú,Lima,142,3,M,4
958,2024-02-07,Colombia,Cali,199,3,L,3
959,2024-03-21,Ecuador,Quito,119,3,L,1
960,2024-03-20,Perú,Lima,3,1,L,3
961,2024-01-10,Colombia,Medellín,4,1,S,5
962,2024-01-02,Colombia,Bogotá,287,3,L,3
963,2024-02-17,Perú,Lima,125,4,L,4
964,2024-03-08,Colombia,Cali,139,4,M,2
965,2024-03-04,Colombia,Bogotá,114,4,L,2
966,2024-01-27,Colombia,Bogotá,210,2,42,2
967,2024-01-15,Perú,Arequipa,158,1,L,3
968,2024-03-01,Ecuador,Guayaquil,282,2,40,3
969,2024-01-19,Ecuador,Guayaquil,22,2,40,3
970,2024-03-27,Colombia,Bogotá,13,3,L,4
971,2024-02-25,Perú,Lima,46,1,L,3
972,2024-03-24,Colombia,Medellín,75,3,M,3
973,2024-01-25,Colombia,Medellín,211,4,L,5
974,2024-01-02,Colombia,Cali,42,4,M,5
975,2024-01-14,Ecuador,Quito,176,2,37,5
976,2024-01-05,Colombia,Bogotá,54,3,L,2
977,2024-03-17,Perú,Lima,180,1,L,2
978,2024-02-18,Perú,Lima,270,1,L,2
979,2024-02-29,Ecuador,Quito,153,4,M,3
980,2024-02-02,Perú,Arequipa,280,3,L,3
981,2024-02-12,Ecuador,Guayaquil,28,1,M,4
982,2024-03-03,Colombia,Medellín,25,4,M,1
983,2024-01-14,Perú,Arequipa,185,4,L,4
984,2024-02-26,Perú,Arequipa,71,4,L,1
985,2024-02-02,Ecuador,Quito,176,1,S,5
986,2024-01-05,Ecuador,Guayaquil,228,4,L,1
987,2024-01-01,Colombia,Bogotá,64,3,L,5
988,2024-01-09,Perú,Arequipa,160,2,40,4
989,2024-01-16,Ecuador,Quito,201,2,42,4
990,2024-01-08,Perú,Arequipa,207,3,L,4
991,2024-02-07,Colombia,Cali,272,3,M,4
992,2024-02-08,Ecuador,Cuenca,228,1,M,2
993,2024-03-21,Ecuador,Cuenca,279,3,L,1
994,2024-01-04,Perú,Lima,80,4,S,2
995,2024-03-04,Colombia,Medellín,122,1,L,3
996,2024-02-13,Colombia,Bogotá,251,1,M,1
997,2024-02-28,Colombia,Bogotá,19,4,L,5
998,2024-01-19,Ecuador,Cuenca,91,4,S,1
999,2024-02-01,Perú,Lima,236,2,41,1
1000,2024-02-28,Ecuador,Quito,11,1,M,1
1001,2024-03-17,Perú,Lima,150,1,S,4
1002,2024-02-11,Ecuador,Quito,95,2,39,4
1003,2024-03-16,Perú,Lima,229,3,M,1
1004,2024-02-23,Colombia,Bogotá,216,1,M,2
1005,2024-03-15,Perú,Arequipa,79,4,M,2
1006,2024-03-03,Ecuador,Quito,145,2,38,1
1007,2024-02-06,Ecuador,Quito,152,4,S,5
1008,2024-03-22,Perú,Arequipa,87,4,S,2
1009,2024-03-19,Perú,Arequipa,136,2,38,2
1010,2024-03-21,Perú,Lima,98,2,41,1
1011,2024-01-25,Colombia,Medellín,192,1,L,2
1012,2024-03-21,Perú,Lima,197,3,M,4
1013,2024-03-28,Colombia,Bogotá,119,4,S,2
1014,2024-01-07,Colombia,Bogotá,49,4,L,1
1015,2024-03-19,Colombia,Bogotá,107,2,39,3
1016,2024-01-21,Ecuador,Quito,55,1,L,2
1017,2024-02-26,Colombia,Cali,82,1,S,2
1018,2024-01-30,Colombia,Medellín,141,4,L,3
1019,2024-01-26,Colombia,Bogotá,147,1,S,4
1020,2024-01-07,Ecuador,Quito,57,2,41,4
1021,2024-02-17,Ecuador,Quito,137,2,38,4
1022,2024-02-04,Colombia,Cali,272,4,L,3
1023,2024-01-08,Colombia,Bogotá,220,1,L,5
1024,2024-01-22,Ecuador,Quito,196,2,40,4
1025,2024-01-22,Ecuador,Guayaquil,210,4,L,5
1026,2024-03-03,Perú,Lima,5,1,M,5
1027,2024-02-24,Perú,Arequipa,40,2,39,1
1028,2024-03-16,Ecuador,Guayaquil,193,2,41,2
1029,2024-03-01,Perú,Lima,264,2,37,1
1030,2024-02-27,Ecuador,Guayaquil,190,2,40,1
1031,2024-01-28,Ecuador,Quito,237,1,L,4
1032,2024-01-03,Colombia,Medellín,144,4,L,1
1033,2024-03-14,Perú,Arequipa,48,4,L,4
1034,2024-01-24,Ecuador,Guayaquil,10,2,38,4
1035,2024-02-19,Perú,Arequipa,288,1,L,1
1036,2024-03-30,Perú,Lima,74,3,L,3
1037,2024-01-08,Perú,Lima,64,1,L,3
1038,2024-02-16,Perú,Arequipa,289,1,S,4
1039,2024-03-23,Perú,Lima,214,3,L,2
1040,2024-01-31,Perú,Lima,160,4,S,3
1041,2024-03-30,Ecuador,Cuenca,225,2,42,5
1042,2024-03-05,Perú,Lima,2,3,L,3
1043,2024-02-27,Colombia,Bogotá,116,1,M,3
1044,2024-03-27,Perú,Lima,282,2,42,5
1045,2024-02-28,Colombia,Medellín,181,3,M,2
1046,2024-01-14,Ecuador,Guayaquil,227,4,M,1
1047,2024-01-27,Colombia,Bogotá,211,4,M,2
1048,2024-01-17,Perú,Lima,119,3,L,5
1049,2024-02-07,Colombia,Medellín,155,2,42,1
1050,2024-02-22,Ecuador,Quito,82,4,L,3
1051,2024-03-26,Colombia,Cali,22,3,L,5
1052,2024-01-17,Perú,Arequipa,281,2,39,5
1053,2024-02-06,Ecuador,Guayaquil,290,4,M,3
1054,2024-03-20,Ecuador,Guayaquil,280,3,L,2
1055,2024-01-21,Perú,Arequipa,29,4,S,2
1056,2024-02-03,Ecuador,Quito,10,3,M,4
1057,2024-02-14,Ecuador,Quito,249,1,L,3
1058,2024-01-16,Colombia,Medellín,54,4,L,3
1059,2024-01-20,Colombia,Medellín,222,4,M,3
1060,2024-03-14,Perú,Arequipa,249,3,L,3
1061,2024-01-06,Perú,Arequipa,204,3,M,4
1062,2024-03-20,Perú,Lima,150,3,M,4
1063,2024-03-18,Colombia,Medellín,291,1,M,1
1064,2024-01-11,Perú,Lima,277,3,M,1
1065,2024-01-25,Colombia,Cali,101,1,L,4
1066,2024-02-20,Colombia,Cali,249,1,L,3
1067,2024-01-02,Perú,Arequipa,44,3,L,3
1068,2024-01-12,Colombia,Medellín,5,3,L,5
1069,2024-01-21,Perú,Arequipa,268,2,40,3
1070,2024-01-12,Perú,Arequipa,185,4,L,5
1071,2024-01-09,Ecuador,Guayaquil,147,2,41,3
1072,2024-02-23,Ecuador,Quito,125,2,42,3
1073,2024-02-18,Perú,Arequipa,199,4,S,2
1074,2024-02-08,Perú,Arequipa,255,1,M,5
1075,2024-01-20,Perú,Arequipa,47,4,S,1
1076,2024-02-23,Colombia,Cali,208,2,37,3
1077,2024-02-05,Colombia,Cali,255,4,S,1
1078,2024-02-25,Ecuador,Cuenca,71,3,L,5
1079,2024-03-14,Perú,Arequipa,92,1,M,5
1080,2024-02-29,Colombia,Bogotá,137,1,S,3
1081,2024-02-23,Colombia,Bogotá,258,1,M,3
1082,2024-01-25,Ecuador,Guayaquil,89,3,M,5
1083,2024-02-10,Ecuador,Cuenca,98,4,L,3
1084,2024-03-15,Colombia,Cali,94,3,M,5
1085,2024-02-17,Ecuador,Quito,116,4,L,3
1086,2024-01-20,Colombia,Medellín,292,4,S,2
1087,2024-01-10,Ecuador,Quito,276,1,M,4
1088,2024-03-29,Ecuador,Quito,16,2,39,3
1089,2024-01-04,Ecuador,Guayaquil,192,3,M,3
1090,2024-02-09,Ecuador,Quito,182,4,L,2
1091,2024-01-10,Ecuador,Quito,78,1,M,1
1092,2024-01-05,Colombia,Medellín,142,1,S,1
1093,2024-01-06,Perú,Lima,242,2,37,3
1094,2024-03-18,Colombia,Cali,233,1,S,1
1095,2024-01-04,Perú,Lima,207,4,L,3
1096,2024-01-21,Ecuador,Cuenca,283,3,L,3
1097,2024-01-02,Perú,Lima,163,1,S,5
1098,2024-03-09,Ecuador,Cuenca,222,4,M,2
1099,2024-02-16,Perú,Lima,96,4,L,4
1100,2024-02-18,Colombia,Cali,268,1,S,3
1101,2024-02-10,Ecuador,Cuenca,7,4,M,1
1102,2024-03-31,Colombia,Bogotá,109,4,M,3
1103,2024-01-15,Perú,Lima,159,1,M,4
1104,2024-03-11,Colombia,Medellín,35,3,L,2
1105,2024-03-27,Colombia,Medellín,162,4,S,4
1106,2024-02-20,Ecuador,Quito,279,2,42,1
1107,2024-02-21,Perú,Lima,50,1,S,4
1108,2024-02-13,Perú,Lima,25,1,M,2
1109,2024-03-04,Perú,Arequipa,4,1,S,4
1110,2024-03-26,Perú,Arequipa,184,2,39,4
1111,2024-01-14,Colombia,Cali,180,3,M,4
1112,2024-01-04,Colombia,Medellín,123,2,38,2
1113,2024-01-23,Perú,Lima,18,1,M,1
1114,2024-03-20,Perú,Arequipa,293,4,M,5
1115,2024-02-07,Ecuador,Cuenca,151,2,40,2
1116,2024-03-10,Colombia,Cali,78,3,L,5
1117,2024-02-10,Ecuador,Guayaquil,147,1,M,4
1118,2024-03-12,Colombia,Medellín,102,1,S,2
1119,2024-02-09,Perú,Lima,228,2,40,2
1120,2024-03-28,Colombia,Bogotá,160,2,42,5
1121,2024-03-05,Perú,Arequipa,244,2,41,2
1122,2024-03-19,Colombia,Medellín,94,2,41,4
1123,2024-01-06,Colombia,Medellín,60,1,S,5
1124,2024-02-18,Colombia,Medellín,293,1,L,3
1125,2024-01-08,Colombia,Medellín,243,3,L,3
1126,2024-02-09,Ecuador,Quito,266,3,M,1
1127,2024-01-05,Colombia,Bogotá,86,1,L,3
1128,2024-03-30,Perú,Arequipa,106,2,39,1
1129,2024-02-19,Perú,Lima,88,3,L,5
1130,2024-02-13,Perú,Lima,151,2,37,2
1131,2024-02-16,Perú,Arequipa,57,4,L,3
1132,2024-02-06,Ecuador,Guayaquil,15,1,L,2
1133,2024-01-12,Ecuador,Guayaquil,82,2,38,5
1134,2024-03-13,Ecuador,Cuenca,22,3,L,1
1135,2024-03-24,Colombia,Medellín,98,4,M,1
1136,2024-02-10,Perú,Arequipa,25,2,42,5
1137,2024-01-24,Colombia,Medellín,78,3,L,5
1138,2024-02-04,Perú,Lima,282,2,38,4
1139,2024-02-16,Perú,Arequipa,117,1,L,2
1140,2024-02-25,Ecuador,Quito,161,4,L,3
1141,2024-02-06,Colombia,Bogotá,280,4,M,3
1142,2024-01-15,Colombia,Cali,193,4,M,2
1143,2024-03-03,Ecuador,Quito,214,4,M,4
1144,2024-02-04,Colombia,Medellín,137,1,S,2
1145,2024-03-03,Ecuador,Guayaquil,27,3,M,1
1146,2024-02-22,Ecuador,Quito,49,3,L,1
1147,2024-01-31,Perú,Lima,287,2,42,2
1148,2024-01-31,Perú,Lima,180,3,L,1
1149,2024-02-24,Colombia,Medellín,217,2,42,2
1150,2024-02-26,Ecuador,Quito,260,4,S,3
1151,2024-02-17,Colombia,Cali,287,1,M,5
1152,2024-02-05,Colombia,Cali,118,2,40,2
1153,2024-03-23,Colombia,Medellín,294,3,L,1
1154,2024-02-19,Perú,Lima,59,4,M,5
1155,2024-02-26,Perú,Arequipa,170,1,L,2
1156,2024-01-31,Ecuador,Guayaquil,21,3,L,1
1157,2024-03-23,Ecuador,Quito,35,2,42,3
1158,2024-02-22,Ecuador,Guayaquil,288,1,M,4
1159,2024-03-05,Perú,Arequipa,242,1,S,3
1160,2024-01-07,Colombia,Medellín,96,3,L,1
1161,2024-01-26,Perú,Arequipa,281,4,S,4
1162,2024-02-01,Colombia,Cali,26,1,S,2
1163,2024-03-02,Perú,Lima,191,2,39,4
1164,2024-01-11,Colombia,Bogotá,138,3,L,2
1165,2024-01-29,Colombia,Bogotá,27,2,40,5
1166,2024-01-26,Ecuador,Cuenca,47,4,S,4
1167,2024-02-24,Perú,Lima,215,1,M,5
1168,2024-01-16,Ecuador,Quito,275,3,M,5
1169,2024-01-16,Perú,Arequipa,1,2,42,4
1170,2024-03-04,Perú,Lima,18,4,M,3
1171,2024-02-06,Ecuador,Guayaquil,155,4,L,2
1172,2024-02-07,Colombia,Bogotá,47,2,38,1
1173,2024-03-15,Ecuador,Cuenca,224,2,38,3
1174,2024-03-29,Ecuador,Quito,132,2,38,3
1175,2024-03-17,Perú,Lima,81,2,42,4
1176,2024-01-31,Ecuador,Quito,253,1,S,3
1177,2024-03-05,Colombia,Cali,18,1,S,3
1178,2024-01-06,Colombia,Medellín,93,3,M,5
1179,2024-02-13,Ecuador,Guayaquil,32,4,L,4
1180,2024-02-03,Ecuador,Quito,276,3,L,2
1181,2024-02-16,Colombia,Bogotá,62,4,M,3
1182,2024-01-22,Colombia,Medellín,13,3,L,4
1183,2024-01-07,Perú,Arequipa,155,4,L,4
1184,2024-03-01,Ecuador,Quito,215,4,S,1
1185,2024-03-04,Ecuador,Cuenca,79,2,40,1
1186,2024-01-15,Colombia,Medellín,249,2,40,4
1187,2024-01-24,Ecuador,Guayaquil,216,1,S,3
1188,2024-03-08,Perú,Arequipa,30,4,L,1
1189,2024-03-27,Ecuador,Guayaquil,31,1,S,4
1190,2024-02-17,Colombia,Bogotá,248,3,M,4
1191,2024-03-31,Colombia,Bogotá,144,1,S,4
1192,2024-01-06,Colombia,Cali,250,3,M,3
1193,2024-03-23,Colombia,Cali,97,4,S,1
1194,2024-02-18,Colombia,Bogotá,295,1,L,5
1195,2024-01-12,Colombia,Medellín,27,4,S,4
1196,2024-03-23,Ecuador,Quito,17,2,40,3
1197,2024-03-28,Ecuador,Guayaquil,237,2,40,3
1198,2024-01-26,Colombia,Cali,91,1,M,5
1199,2024-03-17,Colombia,Medellín,2,2,39,5
1200,2024-03-21,Ecuador,Guayaquil,70,3,M,4
